code,country,prefix,city,latitude,longitude
PL00,PL,00,Warszawa,52.2330347639485,21.016834477825466
PL01,PL,01,Warszawa,52.25710174165457,20.952837590711177
PL02,PL,02,Warszawa,52.18796041412911,20.994262728380026
PL03,PL,03,Warszawa,52.2811080443828,21.036981414701803
PL04,PL,04,Warszawa,52.2414327294686,21.154578019323672
PL05,PL,05,Warszawa,52.15980049153468,21.06644139814309
PL06,PL,06,Pokojewo,52.94777918518519,20.795276666666666
PL07,PL,07,Wiśniewo,52.7698902461258,21.74035414767548
PL08,PL,08,Dąbrówka-Ług,52.109884811237926,22.157342054433713
PL09,PL,09,Zagroba,52.652778392282954,19.923006752411574
PL10,PL,10,Olsztyn,53.77199644444445,20.48639096296296
PL11,PL,11,Kominki,54.017576443264765,21.045253749170538
PL12,PL,12,Karwica Mazurska,53.60764592760181,21.425169909502262
PL13,PL,13,Burkat,53.33824221635884,20.110825593667546
PL14,PL,14,gmina Morąg,53.86804751131222,19.806208371040725
PL15,PL,15,Białystok,53.12996614420063,23.156987931034482
PL16,PL,16,Pięciowłóki,53.64759936668778,23.187643508549716
PL17,PL,17,Pasieka,52.66739508867666,23.12103028649386
PL18,PL,18,Kołomyja,53.068835469314074,22.362285740072203
PL19,PL,19,Sordachy,53.80410213776722,22.47952434679335
PL20,PL,20,Lublin,51.23789796557121,22.558539593114244
PL21,PL,21,Wólka Zdunkówka,51.679191895910776,22.766964089219332
PL22,PL,22,Podwysokie,50.88253264033264,23.434979625779626
PL23,PL,23,Godziszów Pierwszy,50.79249922360248,22.481314285714284
PL24,PL,24,Wymysłów,51.23846498951782,22.06625890985325
PL25,PL,25,Kielce,50.84684689922481,20.614092635658917
PL26,PL,26,Broniów,51.27193864241349,20.814885004436558
PL27,PL,27,Bodzechów,50.913402204176336,21.45965475638051
PL28,PL,28,Nowy Folwark,50.49860304017373,20.669119652551576
PL29,PL,29,Ewina,50.833326086956525,19.967289440993788
PL30,PL,30,Kraków,50.032010862068965,19.95717896551724
PL31,PL,31,Kraków,50.07554921465969,19.971126352530543
PL32,PL,32,Kraków,50.08426442441054,20.064373300970875
PL33,PL,33,Faściszowa,49.83356937086093,20.843280794701986
PL34,PL,34,Jordanów,49.65051096121417,19.858145868465428
PL35,PL,35,Rzeszów,50.032357396449704,22.012655029585797
PL36,PL,36,Rzeszów,49.99163547169812,22.0016720754717
PL37,PL,37,Wola Buchowska,50.12625,22.58341060209424
PL38,PL,38,Klimkówka,49.59079586666666,21.831002
PL39,PL,39,Przecław,50.18774235588972,21.472020551378446
PL40,PL,40,Katowice,50.24428370607029,19.01360095846645
PL41,PL,41,Chorzów,50.31218137254902,18.974488235294118
PL42,PL,42,Kamienica Polska,50.68652575757576,19.172669292929292
PL43,PL,43,Bronów,49.89737704280155,18.905851361867704
PL44,PL,44,Rybnik,50.16946916996048,18.511181818181818
PL45,PL,45,Opole,50.66350537190083,17.940062809917357
PL46,PL,46,Zameczek,50.93331903846154,18.107387884615385
PL47,PL,47,Kędzierzyn-Koźle,50.34672341040462,18.160164739884394
PL48,PL,48,Niemysłowice,50.35946787564767,17.551048704663213
PL49,PL,49,Jasiona,50.76141971153846,17.524797115384615
PL50,PL,50,Wrocław,51.131727878787885,16.99463090909091
PL51,PL,51,Wrocław,51.144259469696976,17.07125378787879
PL52,PL,52,Wrocław,51.061563313609476,17.02158698224852
PL53,PL,53,Wrocław,51.09549219858156,17.00574645390071
PL54,PL,54,Wrocław,51.13093877551021,16.93200357142857
PL55,PL,55,Wrocław,51.12980487804878,16.96109593495935
PL56,PL,56,Przedkowice,51.44374168157424,16.97965742397138
PL57,PL,57,Braszowice,50.554506776180695,16.812458110882957
PL58,PL,58,Wałbrzych,50.82722828282828,16.293100757575758
PL59,PL,59,Olszanica,51.21945119047619,15.80381380952381
PL60,PL,60,Poznań,52.40429932546375,16.888339460370993
PL61,PL,61,Poznań,52.39620595611285,16.94214858934169
PL62,PL,62,Poniatówek,52.271352342657345,17.90727646853147
PL63,PL,63,Rozdrażew,51.79319752407153,17.487557977991745
PL64,PL,64,Komorowo,52.51622286340395,16.48998568298028
PL65,PL,65,Zielona Góra,51.93701751412429,15.508023163841807
PL66,PL,66,Wielowieś,52.38334739819005,15.384965497737555
PL67,PL,67,Ceber,51.74149851632047,15.920134421364985
PL68,PL,68,Sieciejów,51.665329646017696,15.034430088495574
PL69,PL,69,Połęcko,52.38818829787234,14.86881489361702
PL70,PL,70,Szczecin,53.41043441295547,14.579894129554656
PL71,PL,71,Szczecin,53.452865289256195,14.535537190082644
PL72,PL,72,Buk,53.77282301480484,14.959667160161507
PL73,PL,73,Sierakowo,53.29479098712446,15.428963090128756
PL74,PL,74,Krusze,53.008770441458736,14.742180998080615
PL75,PL,75,Koszalin,54.19380020703934,16.19420414078675
PL76,PL,76,Kosierzewo,54.31013163913596,16.71243430749682
PL77,PL,77,gmina Przechlewo,53.90233646563814,17.232510939691444
PL78,PL,78,Gaworkowo,53.716403659742824,16.108198516320474
PL80,PL,80,Gdańsk,54.36883623188405,18.624491787439613
PL81,PL,81,Gdynia,54.50019699248121,18.523813684210527
PL82,PL,82,Śledziówka,54.00048262350937,19.180757069846678
PL83,PL,83,Płachty,54.09054009942005,18.24435998342999
PL84,PL,84,Chynowie,54.631662565445026,18.009098952879583
PL85,PL,85,Bydgoszcz,53.139196541786745,18.004401008645534
PL86,PL,86,Niedźwiedź,53.36784833091437,18.370750217706824
PL87,PL,87,Brzeźno,52.861523732856284,19.054089028026237
PL88,PL,88,Niemojewko,52.71494787379972,18.20370027434842
PL89,PL,89,Komierowo,53.45539873417722,17.65618688147296
PL90,PL,90,Łódź,51.76690301507538,19.461452261306533
PL91,PL,91,Łódź,51.796269806763284,19.43941690821256
PL92,PL,92,Łódź,51.76853020833333,19.56186041666667
PL93,PL,93,Łódź,51.69656062992126,19.45174593175853
PL94,PL,94,Łódź,51.76221813186813,19.388621978021977
PL95,PL,95,Łódź,51.81813359013867,19.504546995377503
PL96,PL,96,Puszcza Mariańska,51.995024473067915,20.337593911007023
PL97,PL,97,Romanówka,51.33269992,19.63514064
PL98,PL,98,Ręszew,51.439972402597405,18.72498612012987
PL99,PL,99,Zagaj,52.0956660685155,19.323285970636217
DE01,DE,01,Drezno,51.150725213675216,13.798242307692307
DE02,DE,02,Hochkirch,51.18032110091743,14.604271559633029
DE03,DE,03,Vetschau/Spreewald,51.72315155279503,14.047437888198756
DE04,DE,04,Brandis,51.31185212355213,12.679970270270271
DE06,DE,06,Petersberg,51.53733694267516,11.941290191082803
DE07,DE,07,Triptis,50.77024408945687,11.783252396166134
DE08,DE,08,Kirchberg,50.59616074074074,12.466517037037038
DE09,DE,09,Chemnitz,50.797434705882345,13.019085882352941
DE10,DE,10,Stahnsdorf,52.382231661442006,13.230252664576803
DE11,DE,11,Berlin,52.418683333333334,13.297888095238095
DE12,DE,12,Berlin,52.433045112781954,13.399516541353384
DE13,DE,13,Berlin,52.56148686868687,13.323840404040403
DE14,DE,14,Werder (Havel),52.4236512605042,12.870899159663866
DE15,DE,15,Pieskow,52.27361443736731,14.083615498938428
DE16,DE,16,Zehdenick,52.94381376404495,13.244984550561798
DE17,DE,17,Brunn,53.65715796178344,13.340044798301486
DE18,DE,18,Dettmannsdorf-Kölzow,54.12308872727272,12.526934545454546
DE19,DE,19,Goldenstädt,53.45615527950311,11.472785093167703
DE20,DE,20,Hamburg,53.53386040609137,10.004522842639595
DE21,DE,21,Hamburg,53.449737960339945,10.040560056657224
DE22,DE,22,Hamburg,53.57511511879049,10.025042332613392
DE23,DE,23,Lubeka,53.86953094462541,10.72091009771987
DE24,DE,24,Klein-Königsförde,54.354929821073554,9.884911133200795
DE25,DE,25,Arkebek,54.171885840707965,9.243912610619468
DE26,DE,26,Wiesmoor,53.375760846560844,7.705428835978835
DE27,DE,27,Lilienthal,53.169985581395345,8.963848837209301
DE28,DE,28,Brema,53.076925,8.824709558823528
DE29,DE,29,Dalldorf,52.94084089709762,10.824064643799472
DE30,DE,30,Hanower,52.367007,9.718252
DE31,DE,31,Lauenau,52.275203465346536,9.424127722772278
DE32,DE,32,Vlotho,52.15097964071856,8.752020359281437
DE33,DE,33,Verl,51.918616101694916,8.518968644067796
DE34,DE,34,Elgershausen,51.27157225433526,9.37108901734104
DE35,DE,35,Fellingshausen,50.645985869565216,8.605867934782609
DE36,DE,36,Hünfeld,50.6898141025641,9.76088076923077
DE37,DE,37,Getynga,51.5315375,9.991729296875
DE38,DE,38,Dettum,52.170093548387094,10.659881818181818
DE39,DE,39,Colbitz,52.337033921568626,11.647416078431373
DE40,DE,40,Düsseldorf,51.22201481481482,6.807678703703703
DE41,DE,41,Korschenbroich,51.16011022727273,6.572165909090909
DE42,DE,42,Remscheid,51.20676814814815,7.189304444444445
DE44,DE,44,Dortmund,51.50665306122449,7.3680846938775515
DE45,DE,45,Essen,51.48253129496403,7.033852877697842
DE46,DE,46,Schermbeck,51.71339305555556,6.735875
DE47,DE,47,Moers,51.48236576576576,6.612552252252252
DE48,DE,48,Laer,52.081543627450976,7.4010348039215685
DE49,DE,49,Merzen,52.51583443396227,7.812150471698113
DE50,DE,50,Kolonia,50.928774107142864,6.94689375
DE51,DE,51,Bergisch Gladbach,50.964429464285715,7.17104375
DE52,DE,52,Eschweiler,50.829724590163934,6.242474590163934
DE53,DE,53,Villip,50.6310197492163,7.089159247648903
DE54,DE,54,Dudeldorf,49.97285834862385,6.620932660550459
DE55,DE,55,Sponheim,49.85118164146868,7.726626997840173
DE56,DE,56,Koblencja,50.33742324561403,7.567159795321637
DE57,DE,57,Betzdorf,50.77329645669291,7.845929527559055
DE58,DE,58,Hagen,51.35918518518519,7.516246031746032
DE59,DE,59,Einecke,51.59182513089005,8.01373560209424
DE60,DE,60,Frankfurt nad Menem,50.13970166666667,8.668952222222222
DE61,DE,61,Friedrichsdorf,50.2438291262136,8.659950485436894
DE63,DE,63,Großwelzheim,50.05045231481481,9.004329166666666
DE64,DE,64,Mühltal,49.81868888888889,8.679515555555556
DE65,DE,65,Niedernhausen,50.156900392156864,8.250278431372548
DE66,DE,66,Bexbach,49.338844150943395,7.288885660377358
DE67,DE,67,Ramsen,49.52772920792079,8.023777475247524
DE68,DE,68,Mannheim,49.47767714285714,8.502662142857144
DE69,DE,69,Heidelberg,49.41353218390804,8.725202298850574
DE70,DE,70,Stuttgart,48.77504523809524,9.186001360544218
DE71,DE,71,Korntal-Münchingen,48.8306715909091,9.133490340909091
DE72,DE,72,Mössingen,48.409151176470594,9.051102352941177
DE73,DE,73,Schwäbisch Gmünd,48.76478,9.761447567567567
DE74,DE,74,Neuenstadt,49.20490255319149,9.323702978723405
DE75,DE,75,Pforzheim,48.895459756097566,8.721568292682926
DE76,DE,76,Wörth am Rhein,49.03717028571429,8.277934285714286
DE77,DE,77,Ohlsbach,48.44254871794872,8.005042307692307
DE78,DE,78,Tuttlingen,47.98742481751825,8.723468613138685
DE79,DE,79,Münstertal,47.86325642023347,7.862791439688716
DE80,DE,80,Monachium,48.15560669014085,11.558913732394366
DE81,DE,81,Monachium,48.12801463414634,11.571355284552844
DE82,DE,82,Tutzing,47.92169324324325,11.269826351351352
DE83,DE,83,Rimsting,47.87090828402367,12.302823076923076
DE84,DE,84,Aich,48.42252926829268,12.406708536585366
DE85,DE,85,Gremertshausen,48.39810933333333,11.619707111111111
DE86,DE,86,Neusäß,48.382900320512825,10.825147756410257
DE87,DE,87,Immenthal,47.824524,10.3931992
DE88,DE,88,Baindt,47.84010901639344,9.63768893442623
DE89,DE,89,Elchingen,48.437607853403144,10.062075392670156
DE90,DE,90,Norymberga,49.44093574879227,11.056798067632851
DE91,DE,91,Zirndorf,49.42535696202532,10.888225632911391
DE92,DE,92,Witzlricht,49.486834027777775,12.031125
DE93,DE,93,Kreuther Forst,49.05582697368421,12.247005263157893
DE94,DE,94,Hengersberg,48.7663544973545,13.115107407407406
DE95,DE,95,Birnstengel,50.05292269938651,11.814658282208589
DE96,DE,96,Bad Staffelstein,50.13408043478261,10.98257536231884
DE97,DE,97,Rieden,49.94405754189945,10.025318435754189
DE98,DE,98,Grub,50.56148095238095,10.638795833333333
DE99,DE,99,Andisleben,51.07796968973747,10.9166830548926
FR01,FR,01,Neuville-sur-Ain,46.081241988950275,5.3570659300184165
FR02,FR,02,Laniscourt,49.54392853932585,3.5216526966292134
FR03,FR,03,Laféline,46.35406436170213,3.178146808510638
FR04,FR,04,Aiglun,44.06612307692308,6.1366525641025635
FR05,FR,05,La Rochette,44.57967641509434,6.132159433962265
FR06,FR,06,La Gaude,43.73641087470449,7.145675177304965
FR07,FR,07,Saint-Étienne-de-Serre,44.79843012345679,4.495253827160494
FR08,FR,08,La Horgne,49.61998977955911,4.666427855711423
FR09,FR,09,Serres-sur-Arget,42.97229232954545,1.5269411931818182
FR10,FR,10,Belley,48.30660140280561,4.158537875751503
FR11,FR,11,Leuc,43.13396332046332,2.349057915057915
FR12,FR,12,Flavin,44.30608291316527,2.6080210084033615
FR13,FR,13,Vitrolles,43.43060660660661,5.283156756756757
FR14,FR,14,Ifs,49.13065655095185,-0.3473565509518477
FR15,FR,15,Thiézac,45.02953737024222,2.653364359861592
FR16,FR,16,Saint-Yrieix-sur-Charente,45.69098336842106,0.13248926315789475
FR17,FR,17,Plassay,45.82594690553746,-0.7267314332247556
FR18,FR,18,Soye-en-Septaine,47.03717954545455,2.4981113636363634
FR19,FR,19,Gimel-les-Cascades,45.3024928358209,1.8234241791044774
FR20,FR,20,Santo-Pietro-di-Venaco,42.250122172949006,9.142771396895787
FR21,FR,21,Pasques,47.36655029726516,4.820041260404281
FR22,FR,22,Ploufragan,48.48698540772532,-2.831327253218884
FR23,FR,23,Ahun,46.10230836363636,2.022384
FR24,FR,24,Sanilhac,45.07047703349282,0.7453322169059011
FR25,FR,25,Chaux-lès-Passavant,47.24168714479026,6.34868254397835
FR26,FR,26,Suze,44.7362623655914,5.085603440860216
FR27,FR,27,Feuguerolles,49.12574399509804,1.0200454656862745
FR28,FR,28,Amilly,48.421266197183094,1.4041933601609657
FR29,FR,29,Logonna-Quimerc'h,48.26400585480094,-4.133750117096019
FR30,FR,30,Castelnau-Valence,43.99631684434968,4.235292110874201
FR31,FR,31,Lherm,43.406763245823385,1.2190699284009547
FR32,FR,32,Ordan-Larroque,43.66476216768916,0.46677566462167686
FR33,FR,33,Bonnetan,44.82447861557478,-0.42431260815822
FR34,FR,34,Vendémian,43.57648813559322,3.5736205084745762
FR35,FR,35,Betton,48.183625000000006,-1.6545694256756756
FR36,FR,36,Saint-Maur,46.78907815699659,1.624867918088737
FR37,FR,37,Monts,47.29491457286432,0.6775087939698493
FR38,FR,38,Fures,45.31780419313851,5.498712579415502
FR39,FR,39,Blois-sur-Seille,46.741378873239434,5.673824100156494
FR40,FR,40,Tartas,43.81704961439589,-0.74273264781491
FR41,FR,41,Villebarou,47.637010714285715,1.3108635204081633
FR42,FR,42,Saint-Laurent-la-Conche,45.67004223602485,4.235776604554865
FR43,FR,43,Lissac,45.1331958041958,3.763123426573427
FR44,FR,44,Orvault,47.27705154826958,-1.6334810564663025
FR45,FR,45,Ingrannes,47.95254537037037,2.226485740740741
FR46,FR,46,Caniac-du-Causse,44.625789100817435,1.6141089918256133
FR47,FR,47,Le Temple-sur-Lot,44.37515039787799,0.49233129973474804
FR48,FR,48,Mende,44.53833217821782,3.495198514851485
FR49,FR,49,Mûrs-Erigné,47.39048772241993,-0.5690782918149466
FR50,FR,50,Saint-Sauveur-Villages,49.121345938375356,-1.3542687675070029
FR51,FR,51,Jâlons,48.994107569721116,4.177535192563082
FR52,FR,52,Chaumont,48.12202676056338,5.240543863179075
FR53,FR,53,La Chapelle-Anthenaise,48.1245481595092,-0.6744779141104295
FR54,FR,54,Custines,48.78618740053051,6.154248408488063
FR55,FR,55,Récourt-le-Creux,49.012229135338345,5.378956203007519
FR56,FR,56,Grand-Champ,47.78846044226044,-2.8400179361179365
FR57,FR,57,Flétrange,49.069369450317126,6.572226109936575
FR58,FR,58,Sainte-Marie,47.13936612021858,3.4395292349726776
FR59,FR,59,Cappelle-en-Pévèle,50.4983748850046,3.1985191352345907
FR60,FR,60,Fitz-James,49.40376085972851,2.4266546380090497
FR61,FR,61,Mortrée,48.63155372881356,0.09231796610169492
FR62,FR,62,Tangry,50.46598695652174,2.3723872282608696
FR63,FR,63,Cournon-d'Auvergne,45.739304302925994,3.1664998278829604
FR64,FR,64,Lucq-de-Béarn,43.333844444444445,-0.6847769005847953
FR65,FR,65,Luc,43.141182820976496,0.1907625678119349
FR66,FR,66,Caixas,42.613675,2.663523641304348
FR67,FR,67,Wiwersheim,48.650223172242875,7.591621933085502
FR68,FR,68,Wittenheim,47.811476559546314,7.290918714555766
FR69,FR,69,Champagne-au-Mont-d'Or,45.80051716514954,4.773677893368011
FR70,FR,70,Vaivre-et-Montoille,47.62756271777004,6.106038501742161
FR71,FR,71,Saint-Maurice-des-Champs,46.616748787878784,4.63129
FR72,FR,72,Coulaines,48.03107494824017,0.21967846790890272
FR73,FR,73,Bourgneuf,45.54762467532468,6.215108441558441
FR74,FR,74,La Roche-sur-Foron,46.04124696969697,6.279553246753247
FR75,FR,75,Paryż,48.86022540415704,2.3423367205542727
FR76,FR,76,Émanville,49.63452972972973,0.9575129937629938
FR77,FR,77,Chaumes-en-Brie,48.6782161849711,2.826483699421965
FR78,FR,78,Thiverval-Grignon,48.84126356073211,1.9607071547420964
FR79,FR,79,Mazières-en-Gâtine,46.490195813953484,-0.33877186046511626
FR80,FR,80,Poulainville,49.938392992213565,2.3086859844271412
FR81,FR,81,Lombers,43.799760152284264,2.1233743654822335
FR82,FR,82,La Ville-Dieu-du-Temple,44.05768423236515,1.2304165975103734
FR83,FR,83,Besse-sur-Issole,43.33040521472393,6.2093567484662575
FR84,FR,84,Pernes-les-Fontaines,43.993781818181816,5.019252121212121
FR85,FR,85,La Chaize-le-Vicomte,46.670709512195124,-1.2920363414634148
FR86,FR,86,Montamisé,46.61349698492462,0.3943459798994975
FR87,FR,87,Couzeix,45.87726620689655,1.2303689655172414
FR88,FR,88,Fomerey,48.22243486529319,6.345642630744849
FR89,FR,89,Gurgy,47.857013068181814,3.5789195075757574
FR90,FR,90,Chèvremont,47.62626535433071,6.918890551181103
FR91,FR,91,Saint-Michel-sur-Orge,48.62733513513514,2.302643412162162
FR92,FR,92,Paryż,48.864060989810774,2.2546742358078604
FR93,FR,93,Bobigny,48.90242135135135,2.442652162162162
FR94,FR,94,Alfortville,48.78878555377207,2.42315569823435
FR95,FR,95,Taverny,49.031167557932264,2.2301115864527628
FR98,FR,98,Wyspa Clippertona,10.2922,-109.2072
BE10,BE,10,Molenbeek-Saint-Jean - Sint-Jans-Molenbeek,50.85384166666666,4.339758333333333
BE11,BE,11,Bruksela,50.846000000000004,4.386725
BE12,BE,12,Schaerbeek - Schaarbeek,50.84885,4.40095
BE13,BE,13,Chaumont-Gistoux,50.701872602739726,4.754906849315069
BE14,BE,14,Genappe,50.62820833333333,4.4263812499999995
BE15,BE,15,Heikruis,50.73679090909091,4.112227272727273
BE16,BE,16,Sint-Pieters-Leeuw,50.76274210526316,4.2412
BE17,BE,17,Ternat,50.865692307692306,4.177846153846154
BE18,BE,18,Beigem,50.953347368421056,4.380184210526316
BE19,BE,19,Steenokkerzeel,50.92510666666667,4.488153333333333
BE20,BE,20,Antwerpia,51.24545833333334,4.38535
BE21,BE,21,Antwerpia,51.22671428571429,4.470742857142858
BE22,BE,22,Herenthout,51.139003125,4.78863125
BE23,BE,23,Merksplas,51.361635,4.85585
BE24,BE,24,Geel,51.16221333333333,5.029920000000001
BE25,BE,25,Lier,51.13595,4.577965
BE26,BE,26,Antwerpia,51.1577875,4.392375
BE28,BE,28,Willebroek,51.06146451612903,4.372464516129033
BE29,BE,29,Brasschaat,51.321881250000004,4.5487125
BE30,BE,30,Korbeek-Dijle,50.847872413793105,4.629779310344827
BE31,BE,31,Rotselaar,50.9791,4.683284615384616
BE32,BE,32,Aarschot,50.9662375,4.917629166666667
BE33,BE,33,Tienen,50.837023076923074,4.914899999999999
BE34,BE,34,Wommersom,50.82777741935484,5.043112903225807
BE35,BE,35,Hasselt,50.976570967741935,5.250480645161291
BE36,BE,36,Dilsen-Stokkem,51.02367631578947,5.66513947368421
BE37,BE,37,Riemst,50.808075,5.537496666666667
BE38,BE,38,Sint-Truiden,50.78764677419355,5.259193548387096
BE39,BE,39,Hechtel-Eksel,51.16100344827586,5.427041379310345
BE40,BE,40,Liège,50.635799999999996,5.601105555555556
BE41,BE,41,Poulseur,50.501180645161284,5.559254838709678
BE42,BE,42,Hannut,50.644365384615384,5.1067557692307695
BE43,BE,43,Lamine,50.683283333333335,5.342495238095238
BE44,BE,44,Grâce-Hollogne,50.640249999999995,5.471185294117647
BE45,BE,45,Huy,50.51250208333334,5.308575
BE46,BE,46,Blegny,50.684089285714286,5.705835714285714
BE47,BE,47,Sourbrodt,50.464607692307695,6.124446153846154
BE48,BE,48,Dison,50.61894864864865,5.874145945945946
BE49,BE,49,La Gleize,50.41903,5.8648766666666665
BE50,BE,50,Namur,50.48701960784314,4.756456862745098
BE51,BE,51,Floreffe,50.44675333333333,4.771929999999999
BE53,BE,53,Haltinne,50.449293749999995,5.0776825
BE55,BE,55,Beauraing,50.13288278688525,4.961199180327869
BE56,BE,56,Philippeville,50.1808597826087,4.56515
BE60,BE,60,Charleroi,50.42127333333334,4.431826666666667
BE61,BE,61,Montigny-le-Tilleul,50.39375333333333,4.357666666666666
BE62,BE,62,Charleroi,50.45672162162162,4.4998162162162165
BE64,BE,64,Chimay,50.097336,4.299440000000001
BE65,BE,65,Beaumont,50.24322972972973,4.224991891891892
BE66,BE,66,Bastogne,50.061945,5.7320325
BE67,BE,67,Saint-Léger,49.63638474576271,5.646379661016949
BE68,BE,68,Bertrix,49.86248888888889,5.286615277777778
BE69,BE,69,Marche-en-Famenne,50.20698382352941,5.414723529411765
BE70,BE,70,Mons,50.470506779661015,3.9886169491525423
BE71,BE,71,La Louvière,50.456596,4.180648
BE73,BE,73,Thulin,50.41882857142857,3.7583047619047623
BE75,BE,75,Tournai,50.611340000000006,3.4059633333333332
BE76,BE,76,Péronnes-Lez-Antoing,50.53850689655172,3.4609
BE77,BE,77,Estaimpuis,50.71669705882353,3.2851882352941177
BE78,BE,78,Ath,50.651978723404255,3.8437957446808513
BE79,BE,79,Chapelle-à-Wattines,50.61222708333333,3.664252083333333
BE80,BE,80,Oostkamp,51.15285,3.2337833333333332
BE82,BE,82,Zedelgem,51.15133333333333,3.1621666666666663
BE83,BE,83,Brugia,51.27985,3.235109090909091
BE84,BE,84,Gistel,51.17849696969697,2.965757575757576
BE85,BE,85,Zwevegem,50.80208,3.3500314285714285
BE86,BE,86,Diksmuide,51.02777936507937,2.77751746031746
BE87,BE,87,Tielt,50.97878846153846,3.349476923076923
BE88,BE,88,Roeselare,50.93981363636363,3.1360818181818177
BE89,BE,89,Ypres,50.838530000000006,2.8820675000000002
BE90,BE,90,Gandawa,51.07223913043478,3.771726086956522
BE91,BE,91,Sint-Niklaas,51.189351612903224,4.149635483870968
BE92,BE,92,Berlare,51.02424285714285,4.0332
BE93,BE,93,Aalst,50.95423571428571,4.023614285714285
BE94,BE,94,Denderhoutem,50.871007142857145,3.9877035714285713
BE95,BE,95,Geraardsbergen,50.83110285714286,3.891045714285714
BE96,BE,96,Sint-Maria-Horebeke,50.840321276595745,3.7138021276595743
BE97,BE,97,Oudenaarde,50.86517037037037,3.587066666666667
BE98,BE,98,Sint-Martens-Latem,50.986266666666666,3.6127145833333336
BE99,BE,99,Eeklo,51.18756428571429,3.5964428571428573
NL10,NL,10,Amsterdam,52.371675675675675,4.883941891891892
NL11,NL,11,Amsterdam,52.35249761904762,4.924816666666667
NL12,NL,12,Baarn,52.20415483870968,5.2119322580645155
NL13,NL,13,Almere,52.35337735849056,5.193741509433963
NL14,NL,14,Landsmeer,52.41860714285714,4.924417857142857
NL15,NL,15,Zaandijk,52.47573928571428,4.803017857142857
NL16,NL,16,Zwaagdijk-West,52.67844838709677,5.071419354838709
NL17,NL,17,Wieringerwaard,52.81636527777778,4.826408333333333
NL18,NL,18,Alkmaar,52.638985294117646,4.7455647058823525
NL19,NL,19,Heemskerk,52.50008863636364,4.675361363636363
NL20,NL,20,Haarlem,52.38888275862069,4.638427586206896
NL21,NL,21,Beinsdorp,52.29155128205128,4.6095999999999995
NL22,NL,22,Wassenaar,52.12670754716981,4.3918226415094335
NL23,NL,23,Leiderdorp,52.16487105263158,4.5472947368421055
NL24,NL,24,Alphen aan den Rijn,52.121162500000004,4.637434375
NL25,NL,25,Haga,52.07116296296296,4.290161111111111
NL26,NL,26,Den Hoorn,52.002095,4.3267299999999995
NL27,NL,27,Zoetermeer,52.05404444444444,4.536685185185185
NL28,NL,28,Stolwijk,51.990445,4.7426
NL29,NL,29,Lekkerkerk,51.90143518518518,4.653811111111112
NL30,NL,30,Rotterdam,51.91893692307692,4.4738092307692305
NL31,NL,31,Vlaardingen,51.908022448979594,4.330804081632653
NL32,NL,32,Zuidland,51.81317631578947,4.271564473684211
NL33,NL,33,Dordrecht,51.81976052631579,4.708692105263157
NL34,NL,34,Montfoort,52.04882978723404,4.966748936170212
NL35,NL,35,Utrecht,52.08735581395349,5.076888372093023
NL36,NL,36,Breukelen,52.1733,4.981028125
NL37,NL,37,Soest,52.149496226415096,5.3378509433962265
NL38,NL,38,Putten,52.24357090909091,5.506132727272727
NL39,NL,39,Doorn,52.030518604651164,5.375467441860465
NL40,NL,40,Tiel,51.90425806451613,5.444396774193548
NL41,NL,41,Beesd,51.908699999999996,5.1958843137254895
NL42,NL,42,Oudendijk,51.82205555555555,4.996417777777777
NL43,NL,43,Kamperland,51.569500000000005,3.703761111111111
NL44,NL,44,Goes,51.483653061224494,3.8861061224489792
NL45,NL,45,Hoek,51.310694230769236,3.801986538461539
NL46,NL,46,Halsteren,51.51595454545454,4.262566666666667
NL47,NL,47,Oud Gastel,51.57943043478261,4.498667391304348
NL48,NL,48,Breda,51.56504489795918,4.735177551020408
NL49,NL,49,Oosterhout,51.652405263157895,4.833963157894736
NL50,NL,50,Tilburg,51.546066,5.10791
NL51,NL,51,De Moer,51.623742500000006,5.0052825
NL52,NL,52,'s-Hertogenbosch,51.6923203125,5.269296875
NL53,NL,53,Oss,51.77299459459459,5.461866216216216
NL54,NL,54,Volkel,51.647101923076924,5.673323076923077
NL55,NL,55,Steensel,51.38020789473685,5.369036842105263
NL56,NL,56,Eindhoven,51.45690909090909,5.4763636363636365
NL57,NL,57,Vlierden,51.45225945945946,5.73077027027027
NL58,NL,58,Smakt,51.55627380952381,6.001016666666667
NL59,NL,59,Maasbree,51.381635555555555,6.087542222222222
NL60,NL,60,Kelpen-Oler,51.217480357142854,5.854382142857142
NL61,NL,61,Limbricht,51.01204222222223,5.839986666666666
NL62,NL,62,Cadier en Keer,50.8292875,5.782389583333334
NL63,NL,63,Voerendaal,50.873473913043476,5.911243478260869
NL64,NL,64,Heerlen,50.9016052631579,5.978818421052631
NL65,NL,65,Groesbeek,51.8083875,5.888979166666666
NL66,NL,66,Beuningen,51.86929464285714,5.718732142857143
NL67,NL,67,Ede,52.02539166666667,5.664133333333333
NL68,NL,68,Arnhem,51.980955813953486,5.889718604651163
NL69,NL,69,Angerlo,51.97916956521739,6.09370652173913
NL70,NL,70,Etten,51.92340952380952,6.331954761904761
NL71,NL,71,Lievelde,52.00838064516129,6.637490322580645
NL72,NL,72,Vorden,52.1237225,6.3012275
NL73,NL,73,Apeldoorn,52.20485319148936,5.99663829787234
NL74,NL,74,Holten,52.271418000000004,6.389898
NL75,NL,75,Enschede,52.27202307692308,6.893888461538461
NL76,NL,76,Geesteren,52.41277741935484,6.694056451612903
NL77,NL,77,Collendoorn,52.59849841269841,6.583185714285714
NL78,NL,78,Emmen,52.78735892857143,6.858933928571429
NL79,NL,79,Echten,52.72917397260274,6.38197397260274
NL80,NL,80,Hattemerbroek,52.482719230769234,6.009653846153847
NL81,NL,81,Elshof,52.386026470588234,6.192170588235294
NL82,NL,82,Dronten,52.534051063829786,5.730482978723404
NL83,NL,83,Scheerwolde,52.78220882352941,5.982838235294118
NL84,NL,84,De Knipe,52.9551225,6.017106249999999
NL85,NL,85,Tjerkgaast,52.91675961538461,5.688175
NL86,NL,86,IJlst,53.01308974358974,5.649233333333333
NL87,NL,87,Tjerkwerd,53.04460425531915,5.484631914893616
NL88,NL,88,Sexbierum,53.22826666666666,5.479141176470588
NL89,NL,89,Leeuwarden,53.20125,5.805596153846154
NL90,NL,90,Leeuwarden,53.2057265625,5.7554
NL91,NL,91,Hiaure,53.34876851851852,5.967512962962963
NL92,NL,92,It Heechsân,53.170116393442626,6.0778
NL93,NL,93,Nieuw-Roden,53.123108823529414,6.3933647058823535
NL94,NL,94,Deurze,52.97386296296296,6.601333333333333
NL95,NL,95,Nieuw-Buinen,52.95687222222222,6.935227777777778
NL96,NL,96,Muntendam,53.159408,6.8878639999999995
NL97,NL,97,Groningen,53.22967962962963,6.588383333333333
NL98,NL,98,Oldekerk,53.24737804878048,6.3328
NL99,NL,99,Thesinge,53.27659302325582,6.632579069767441
IT00,IT,00,Rzym,41.91228764367816,12.589864942528736
IT01,IT,01,Viterbo,42.43542745098039,12.10118431372549
IT02,IT,02,Rieti,42.33559761904762,12.908104761904761
IT03,IT,03,Fontana Liri,41.60733764044944,13.564547191011236
IT04,IT,04,Pontinia,41.41565,13.181041666666667
IT05,IT,05,Castel dell'Aquila,42.63919677419355,12.394943548387097
IT06,IT,06,Bastia Umbra,43.04962745098039,12.51168071895425
IT07,IT,07,Tzaramonte/Chiaramonti,40.74895547945206,8.876809589041097
IT08,IT,08,Nùgoro/Nuoro,40.30229863636364,9.31480409090909
IT09,IT,09,Santu 'Èngiu/San Gavino Monreale,39.53694486692015,8.836978326996197
IT10,IT,10,Druento,45.156560081466395,7.5728154786150705
IT11,IT,11,Nus,45.7395544117647,7.436963970588235
IT12,IT,12,Sant'Albano Stura,44.51630920716112,7.737411508951406
IT13,IT,13,Cossato,45.553240611353715,8.170859388646289
IT14,IT,14,Asti,44.89215083798882,8.180950837988828
IT15,IT,15,Castellazzo Bormida,44.86988951310862,8.623225093632959
IT16,IT,16,Bargagli,44.431692500000004,9.083695833333334
IT17,IT,17,Orco Feglino,44.253304132231406,8.305339669421487
IT18,IT,18,Ciabaudo,43.90786396396396,7.825190990990991
IT19,IT,19,Follo,44.14784186046512,9.821172093023256
IT20,IT,20,Mediolan,45.513090514905144,9.18230243902439
IT21,IT,21,Varese,45.80339909502263,8.783019909502261
IT22,IT,22,Torno,45.864049789029536,9.12575611814346
IT23,IT,23,Bema,46.05828105263158,9.612365263157894
IT24,IT,24,Alzano Lombardo,45.74558386167147,9.739301152737752
IT25,IT,25,Lumezzane,45.63496285714286,10.262432727272728
IT26,IT,26,Cappella Cantone,45.237143650793655,9.83589246031746
IT27,IT,27,Sommo,45.115482916666664,9.09412125
IT28,IT,28,Sovazza,45.81149759036145,8.460728514056225
IT29,IT,29,Niviano,44.90557328767123,9.632918493150685
IT30,IT,30,Wenecja,45.50060208333334,12.374897395833335
IT31,IT,31,Giavera del Montello,45.786247509578544,12.204237931034482
IT32,IT,32,Longarone,46.25769491525424,12.168461016949152
IT33,IT,33,Coseano,46.09404202247191,13.034670337078651
IT34,IT,34,Duino Aurisina / Devin - Nabrežina,45.77181440677966,13.629465254237289
IT35,IT,35,Padwa,45.37252808510638,11.823531063829787
IT36,IT,36,Villaverla,45.64568381742739,11.496498340248964
IT37,IT,37,Werona,45.40852919708029,11.042262408759125
IT38,IT,38,Trydent,46.10965891647856,11.112352821670427
IT39,IT,39,Sarntal - Sarentino,46.647175396825396,11.3925623015873
IT40,IT,40,Bolonia,44.4348,11.314316666666667
IT41,IT,41,Maranello,44.508931972789114,10.875335034013606
IT42,IT,42,Albinea,44.62482732919255,10.571971428571429
IT43,IT,43,Fornovo di Taro,44.677312,10.111933333333333
IT44,IT,44,Masi Torello,44.79990084033613,11.807649579831933
IT45,IT,45,Rovigo,45.02184206349206,11.847400793650793
IT46,IT,46,Curtatone,45.112338787878784,10.756752727272728
IT47,IT,47,Roncofreddo,44.03835043478261,12.274212173913044
IT48,IT,48,Russi,44.36377090909091,12.029477272727274
IT50,IT,50,Florencja,43.77944545454545,11.227620833333333
IT51,IT,51,Marliana,43.95162093023256,10.842200775193799
IT52,IT,52,Pieve San Giovanni,43.53040573248408,11.809254777070064
IT53,IT,53,Asciano,43.21117426470588,11.46816911764706
IT54,IT,54,Serricciolo,44.19864134615385,10.03539326923077
IT55,IT,55,Pescaglia,43.98053507853403,10.43080994764398
IT56,IT,56,Cevoli,43.58049221556887,10.629400598802395
IT57,IT,57,Brak danych,43.16711954022988,10.417232183908046
IT58,IT,58,Arcille,42.79833602484472,11.251260248447204
IT59,IT,59,Prato,43.91869534883721,11.088553488372092
IT60,IT,60,Jesi,43.51924102564102,13.192660256410255
IT61,IT,61,Urbino,43.75451644736842,12.732875657894736
IT62,IT,62,Tolentino,43.21473362068966,13.29255172413793
IT63,IT,63,Montedinove,42.96423266666667,13.597929333333333
IT64,IT,64,Teramo,42.65982048192771,13.765780722891567
IT65,IT,65,Pianella,42.36365306122449,14.040078571428571
IT66,IT,66,Sant'Eusanio del Sangro,42.13404457831325,14.377705421686747
IT67,IT,67,Ovindoli,42.13250522088354,13.53169076305221
IT70,IT,70,Adelfia,40.997947524752476,16.88291287128713
IT71,IT,71,Foggia,41.53191414141414,15.475918181818182
IT72,IT,72,Ostuni,40.65631190476191,17.619319047619047
IT73,IT,73,Cutrofiano,40.128115625,18.231490625
IT74,IT,74,Tarent,40.48512452830189,17.284183018867925
IT75,IT,75,Ferrandina,40.42400625,16.450370833333334
IT76,IT,76,Andria,41.229724999999995,16.194216666666666
IT80,IT,80,Portici,40.821879583333335,14.333498333333333
IT81,IT,81,Giano Vetusto,41.20804831932773,14.15903487394958
IT82,IT,82,Torrecuso,41.173081355932204,14.706824576271186
IT83,IT,83,Chiusano di San Domenico,40.95864487804878,14.934481463414633
IT84,IT,84,Albanella,40.47890570071259,15.066081947743468
IT85,IT,85,Calvello,40.472823636363636,15.850979393939394
IT86,IT,86,Duronia,41.65330914285714,14.497269142857144
IT87,IT,87,Bisignano,39.48585127388535,16.25242261146497
IT88,IT,88,Catanzaro,38.954731553398055,16.582621844660196
IT89,IT,89,Terranova Sappo Minulio,38.33651510989011,15.992016483516483
IT90,IT,90,Bolognetta,37.99960879120879,13.499089560439561
IT91,IT,91,Trapani,37.9009914893617,12.666682978723404
IT92,IT,92,Sant'Angelo Muxaro,37.44432203389831,13.504703389830508
IT93,IT,93,Serradifalco,37.45007777777778,13.965392592592593
IT94,IT,94,Leonforte,37.59787931034483,14.392324137931036
IT95,IT,95,Belpasso,37.58744444444444,15.004158823529412
IT96,IT,96,Noto,37.049856097560976,15.06639756097561
IT97,IT,97,Ragusa,36.88496428571428,14.689296428571428
IT98,IT,98,Barcellona Pozzo di Gotto,38.13898396501458,15.212641399416908
ES01,ES,01,Vitoria-Gasteiz,42.84637239488117,-2.723274588665448
ES02,ES,02,Peñas de San Pedro,38.73864522058824,-1.9981654411764704
ES03,ES,03,Mutxamel,38.46187630331753,-0.46426142180094787
ES04,ES,04,Tahal,37.19460730659026,-2.2730716332378225
ES05,ES,05,Muñana,40.58730957943926,-5.036287850467289
ES06,ES,06,Alange,38.73492768595042,-6.239050826446281
ES07,ES,07,Algaida,39.54532330827068,2.8940912280701756
ES08,ES,08,Castellar del Vallès,41.6214020797227,2.041045233968804
ES09,ES,09,Carcedo de Bureba,42.56883333333334,-3.5321283534136545
ES10,ES,10,Serradilla,39.86144371069182,-6.1222801886792455
ES11,ES,11,Medina Sidonia,36.48638102189781,-5.828775547445256
ES12,ES,12,les Useres / Useras,40.1728294117647,-0.19857285067873304
ES13,ES,13,Miguelturra,38.94757222222222,-3.899022222222222
ES14,ES,14,Kordoba,37.74485759637188,-4.655888888888889
ES15,ES,15,Tordoia,43.099739360730595,-8.506313333333333
ES16,ES,16,Villar de Olalla,39.96310089285714,-2.214921130952381
ES17,ES,17,Porqueres,42.12121475694445,2.7232262152777778
ES18,ES,18,Güéjar Sierra,37.14402877094972,-3.4535444134078213
ES19,ES,19,Masegoso de Tajuña,40.82893701550388,-2.708438565891473
ES20,ES,20,Errezil,43.17519636363637,-2.1774857575757576
ES21,ES,21,Valverde del Camino,37.615813924050634,-6.8085664556962024
ES22,ES,22,Sobrarbe,42.28769721871049,-0.005820227560050568
ES23,ES,23,Úbeda,37.9523606060606,-3.391693939393939
ES24,ES,24,Llamas de la Ribera,42.62577676056338,-5.901687112676056
ES25,ES,25,la Baronia de Rialb,42.08630356756757,1.1251913513513512
ES26,ES,26,Sojuela,42.33271709090909,-2.5879003636363636
ES27,ES,27,Lugo,42.94564764705882,-7.494169632352941
ES28,ES,28,Madryt,40.48713244274809,-3.7139320610687023
ES29,ES,29,Malaga,36.761352058823526,-4.568390882352941
ES30,ES,30,Murcia,37.85921448170732,-1.270179268292683
ES31,ES,31,Pampeluna,42.81946522678186,-1.6782411447084233
ES32,ES,32,Rioseco,42.2815866118175,-7.78878990276739
ES33,ES,33,Grau / Grado,43.35590795490135,-5.981728656435953
ES34,ES,34,Bárcena de Campos,42.48406175298805,-4.523834262948207
ES35,ES,35,Brak danych,28.137318336483933,-15.246395935727788
ES36,ES,36,Pontevedra,42.445492237819984,-8.581259372419488
ES37,ES,37,Matilla de los Caños del Río,40.8306157967033,-5.940066758241758
ES38,ES,38,Buenavista del Norte,28.35531964038728,-16.912720885200553
ES39,ES,39,Corvera de Toranzo,43.236389198919895,-3.9716435643564356
ES40,ES,40,Veganzones,41.1808237113402,-3.987426030927835
ES41,ES,41,Carmona,37.423538842975205,-5.7451260330578515
ES42,ES,42,Quintana Redonda,41.637658969465654,-2.5919541984732826
ES43,ES,43,Constantí,41.177840380047506,1.180487648456057
ES44,ES,44,Galve,40.662369009584665,-0.875608626198083
ES45,ES,45,Polán,39.846753505535055,-4.265621033210333
ES46,ES,46,Montserrat,39.354325894736846,-0.6032410526315789
ES47,ES,47,Zaratán,41.64532229965157,-4.804851916376307
ES48,ES,48,Lezama,43.26010255033557,-2.8294351677852347
ES49,ES,49,Ferreruela,41.76573806921676,-6.050055373406193
ES50,ES,50,Épila,41.6169455,-1.2119005
ES51,ES,51,Ceuta,35.8888375,-5.3224625
ES52,ES,52,Melilla,35.29156666666667,-2.9426666666666663
LU11,LU,11,Luksemburg,49.612404347826086,6.127178260869565
LU12,LU,12,Luksemburg,49.61085194805195,6.135359740259741
LU13,LU,13,Luksemburg,49.60901470588235,6.132930882352942
LU14,LU,14,Luksemburg,49.61356923076923,6.130329230769231
LU15,LU,15,Luksemburg,49.61174897959184,6.1257040816326525
LU16,LU,16,Luksemburg,49.60951458333333,6.13845
LU17,LU,17,Luksemburg,49.61607391304347,6.141897826086957
LU18,LU,18,Luksemburg,49.60271551724138,6.132282758620689
LU19,LU,19,Luksemburg,49.608391304347826,6.130502173913044
LU21,LU,21,Luksemburg,49.61296710526316,6.136960526315789
LU22,LU,22,Luksemburg,49.61123243243244,6.128510810810811
LU23,LU,23,Luksemburg,49.61010909090909,6.136187272727272
LU24,LU,24,Luksemburg,49.61124888888889,6.131666666666667
LU25,LU,25,Luksemburg,49.6109813559322,6.1317355932203395
LU26,LU,26,Luksemburg,49.61057592592593,6.133355555555555
LU27,LU,27,Luksemburg,49.60781142857143,6.133417142857143
LU32,LU,32,Bettembourg,49.517673239436625,6.1031957746478875
LU33,LU,33,Bettembourg,49.54603125,6.08835
LU34,LU,34,Dudelange,49.48400125,6.08584375
LU35,LU,35,Dudelange,49.48400759493671,6.08636329113924
LU36,LU,36,Kayl,49.48661555555555,6.037873333333333
LU37,LU,37,Rumelange,49.4655223880597,6.031426865671642
LU38,LU,38,Schifflange,49.50780434782609,6.0132260869565215
LU39,LU,39,Mondercange,49.53330487804878,5.989980487804878
LU40,LU,40,Esch-sur-Alzette,49.498971604938276,5.978898765432099
LU41,LU,41,Esch-sur-Alzette,49.50038307692307,5.979410769230769
LU42,LU,42,Esch-sur-Alzette,49.501820895522386,5.980499999999999
LU43,LU,43,Esch-sur-Alzette,49.50737529411765,5.974585882352941
LU44,LU,44,Belvaux,49.516590721649486,5.936350515463918
LU45,LU,45,Differdange,49.52345,5.894468750000001
LU46,LU,46,Differdange,49.52315842696629,5.894687640449439
LU47,LU,47,Pétange,49.557520000000004,5.8756128571428565
LU48,LU,48,Pétange,49.54698115942029,5.845243478260869
LU49,LU,49,Käerjeng,49.571461904761904,5.922368571428572
LU52,LU,52,Findel,49.61551842105263,6.218444736842105
LU53,LU,53,Oetrange,49.60474821428571,6.253328571428571
LU54,LU,54,Greiveldange,49.57274915254237,6.353705084745763
LU55,LU,55,Remich,49.5466875,6.3674687500000005
LU56,LU,56,Altwies,49.51236181818182,6.277681818181818
LU57,LU,57,Aspelt,49.52809117647058,6.211464705882353
LU58,LU,58,Alzingen,49.57096179775281,6.158015730337079
LU59,LU,59,Itzig,49.58617857142857,6.171428571428572
LU61,LU,61,Junglinster,49.709124242424245,6.241042424242424
LU62,LU,62,Wolper,49.7661,6.336521428571428
LU63,LU,63,Beaufort,49.83428823529412,6.284170588235294
LU64,LU,64,Echternach,49.810469999999995,6.420696250000001
LU65,LU,65,Echternach,49.805768,6.4429
LU66,LU,66,Wasserbillig,49.7165078125,6.4901703125
LU67,LU,67,Grevenmacher,49.67985,6.440427027027027
LU68,LU,68,Wecker,49.702666666666666,6.387088888888889
LU69,LU,69,Ernster,49.66145652173913,6.265104347826087
LU72,LU,72,Walferdange,49.65791212121212,6.129443939393939
LU73,LU,73,Helmdange,49.68488369565217,6.136693478260869
LU74,LU,74,Reckange,49.73826101694915,6.092686440677967
LU75,LU,75,Berschbach,49.748398611111114,6.103119444444444
LU76,LU,76,Heffingen,49.78487777777778,6.2338000000000005
LU77,LU,77,Berg,49.79848787878788,6.080533333333333
LU80,LU,80,Bertrange,49.61489405940594,6.0623900990099004
LU81,LU,81,Bridel,49.655815873015875,6.0793269841269835
LU82,LU,82,Mamer,49.63856703296703,6.0274747252747245
LU83,LU,83,Goetzingen,49.653895959595964,5.9682404040404045
LU84,LU,84,Steinfort,49.67038461538462,5.9009519230769225
LU85,LU,85,Redange-sur-Attert,49.7574052631579,5.887839473684211
LU86,LU,86,Préizerdaul,49.79891111111111,5.9439777777777785
LU87,LU,87,Useldange,49.7686375,5.9833625
LU88,LU,88,Rambrouch,49.836183870967744,5.831574193548387
LU90,LU,90,Ettelbruck,49.84839066666667,6.095956
LU91,LU,91,Feulen,49.86043720930232,6.057991860465116
LU92,LU,92,Diekirch,49.86756746987952,6.158349397590362
LU93,LU,93,Seltz,49.88447272727273,6.176195454545454
LU94,LU,94,Vianden,49.933605,6.1940425
LU95,LU,95,Wiltz,49.96733636363636,5.931094545454545
LU96,LU,96,Lac de la Haute-Sûre,49.947435999999996,5.890014
LU97,LU,97,Clervaux,50.05513035714286,6.0076285714285715
LU98,LU,98,Parc Hosingen,50.007444444444445,6.086672222222223
LU99,LU,99,Binsfeld,50.12609534883722,6.024490697674418
CZ10,CZ,10,Miasto Stołeczne Praga,50.054025,14.539264285714285
CZ11,CZ,11,Miasto Stołeczne Praga,50.08843125,14.41565625
CZ12,CZ,12,Miasto Stołeczne Praga,50.07271,14.42683
CZ13,CZ,13,Miasto Stołeczne Praga,50.086619999999996,14.47988
CZ14,CZ,14,Miasto Stołeczne Praga,50.025908333333334,14.448538333333333
CZ15,CZ,15,Miasto Stołeczne Praga,49.95925434782609,14.368450000000001
CZ16,CZ,16,Miasto Stołeczne Praga,50.09771,14.3608875
CZ17,CZ,17,Miasto Stołeczne Praga,50.1093,14.4424
CZ18,CZ,18,Miasto Stołeczne Praga,50.12115,14.453014285714286
CZ19,CZ,19,Miasto Stołeczne Praga,50.08695652173913,14.518352173913044
CZ25,CZ,25,Mrač,49.814704342723005,14.672853051643193
CZ26,CZ,26,Obořiště,49.72868969465649,14.145291603053435
CZ27,CZ,27,Slaný,50.223407991360695,14.115496328293736
CZ28,CZ,28,Kbel,49.9872874411303,15.143044583987441
CZ29,CZ,29,Mladá Boleslav,50.41654483985765,14.938818505338078
CZ30,CZ,30,Dobřany,49.668872727272735,13.315418181818183
CZ31,CZ,31,Pilzno,49.73863461538462,13.36673076923077
CZ32,CZ,32,Pilzno,49.72771904761904,13.37499523809524
CZ33,CZ,33,Útušice,49.68819499263623,13.396088807069217
CZ34,CZ,34,Chocomyšl,49.47779420803783,13.126555673758865
CZ35,CZ,35,Kaceřov,50.147055056179774,12.51566329588015
CZ36,CZ,36,Doupovské Hradiště,50.20190081300813,12.974757723577236
CZ37,CZ,37,Trzeboń,49.036328771929824,14.749471578947368
CZ38,CZ,38,Žitná u Netolic,49.04047826649418,14.129391591203106
CZ39,CZ,39,Tabor,49.42373009605123,14.722511632870864
CZ40,CZ,40,Děčín,50.76973862928349,14.238995638629284
CZ41,CZ,41,Velké Žernoseky,50.5339,14.070685564304462
CZ43,CZ,43,Všehrdy,50.41053552238806,13.460454925373135
CZ44,CZ,44,Drahomyšl,50.30583622047244,13.644696850393702
CZ46,CZ,46,Liberec,50.734769946808505,15.070688829787233
CZ47,CZ,47,Czeska Lipa,50.6526391959799,14.575776381909547
CZ50,CZ,50,Tereziny Dary,50.342506551059735,15.518343737957611
CZ51,CZ,51,Třebihošť,50.41502307692308,15.7472523573201
CZ53,CZ,53,Chrudim,49.931960105448155,15.801365202108963
CZ54,CZ,54,Úpice,50.505425986842106,15.973359868421051
CZ55,CZ,55,Vestec,50.416778021978025,16.023632967032967
CZ56,CZ,56,Czeska Trzebowa,49.90977183098592,16.44806957746479
CZ57,CZ,57,Kukle,49.79384523809524,16.422063095238094
CZ58,CZ,58,Kochánov,49.546283681214426,15.537935483870967
CZ59,CZ,59,Bobrová,49.495030662983424,16.100091988950275
CZ60,CZ,60,Brno,49.203383333333335,16.592583333333334
CZ61,CZ,61,Brno,49.19546428571429,16.62107142857143
CZ62,CZ,62,Brno,49.205686842105266,16.612578947368423
CZ63,CZ,63,Brno,49.20804285714286,16.577114285714284
CZ64,CZ,64,Brno,49.211,16.584120000000002
CZ66,CZ,66,Omice,49.14994689265537,16.4546406779661
CZ67,CZ,67,Kralice nad Oslavou,49.19620630472855,16.171992119089317
CZ68,CZ,68,Střílky,49.16298333333334,17.202770512820514
CZ69,CZ,69,Mutěnice,48.919857803468204,16.993451445086706
CZ70,CZ,70,Ostrawa,49.81850714285714,18.23295
CZ71,CZ,71,Ostrawa,49.83998695652174,18.313173913043478
CZ72,CZ,72,Ostrawa,49.812746153846156,18.2117
CZ73,CZ,73,Domasłowice Dolne,49.71760165745856,18.473207182320444
CZ74,CZ,74,Skřipov,49.7935409594096,17.938658671586715
CZ75,CZ,75,Býškovice,49.45556937269373,17.702445756457564
CZ76,CZ,76,Zlín,49.23455437262357,17.595742205323194
CZ77,CZ,77,Ołomuniec,49.59383793103448,17.281541379310344
CZ78,CZ,78,Medlov,49.79712395543175,17.05674373259053
CZ79,CZ,79,Jiříkov,49.853534096692115,17.240090330788803
SK01,SK,01,Súľov,49.14876886446886,18.57604468864469
SK02,SK,02,Terchová,49.29753144654088,19.029840880503144
SK03,SK,03,Rużomberk,49.03625619047619,19.239242857142855
SK04,SK,04,Jasov,48.679753563714904,20.96487516198704
SK05,SK,05,Dravce,49.01522523809524,20.51517904761905
SK06,SK,06,Bžany,49.0973923857868,21.634944162436547
SK07,SK,07,Dúbravka,48.61745857605178,21.88376796116505
SK08,SK,08,Geraltov,49.1424331147541,21.240005245901642
SK09,SK,09,Turany nad Ondavou,49.09947525773195,21.651626288659795
SK81,SK,81,Bratysława,48.1504,17.09
SK82,SK,82,Bratysława,48.139055862068965,17.206190344827586
SK83,SK,83,Bratysława,48.208430061349695,17.177706134969323
SK84,SK,84,Bratysława,48.179846534653464,17.035937623762376
SK85,SK,85,Bratysława,48.04750408163266,17.167526530612246
SK90,SK,90,Plavecký Mikuláš,48.52043823529412,17.28509294117647
SK91,SK,91,Ostrov,48.64048632478632,17.777315384615385
SK92,SK,92,Vinohrady nad Váhom,48.322532369942195,17.762495375722544
SK93,SK,93,Úľany nad Žitavou,48.09890218579235,18.240069398907103
SK94,SK,94,Nowe Zamki,47.984752127659576,18.20267340425532
SK95,SK,95,Solčany,48.49472297297297,18.21095304054054
SK96,SK,96,Dubové,48.487260267857145,19.001471875
SK97,SK,97,Brak danych,48.747386473429955,19.121012560386472
SK98,SK,98,Ožďany,48.39134476987448,19.930482845188283
SK99,SK,99,Dolné Plachtince,48.18699268292683,19.322035365853658
AT10,AT,10,Wiedeń,48.205133333333336,16.365288888888887
AT11,AT,11,Wiedeń,48.20345833333334,16.296325
AT12,AT,12,Wiedeń,48.236720000000005,16.3854
AT13,AT,13,Schwechat,48.15,16.5167
AT20,AT,20,Großnondorf,48.6426540229885,16.01711436781609
AT21,AT,21,Garmanns,48.55617542857143,16.479954857142857
AT22,AT,22,Matzen-Raggendorf,48.386624210526314,16.718864210526316
AT23,AT,23,Leopoldsdorf,48.1207734375,16.392403125
AT24,AT,24,Sommerein,48.002835483870975,16.647944086021507
AT25,AT,25,Alland,47.992285567010306,16.11543917525773
AT26,AT,26,Burg-Vöstenhof,47.71244890510949,15.960954014598542
AT27,AT,27,Hohe Wand,47.830885555555554,16.050816666666666
AT28,AT,28,Edlitz,47.58747371134021,16.173201546391752
AT30,AT,30,Neulengbach,48.18217169117647,15.877520588235294
AT31,AT,31,St. Pölten,48.17713461538462,15.656088461538461
AT32,AT,32,Oberndorf an der Melk,48.064118322981365,15.268655279503104
AT33,AT,33,Steinakirchen am Forst,48.090021750663134,15.048018302387268
AT34,AT,34,Kleinschönbichl,48.35275654450262,15.930643979057592
AT35,AT,35,Gföhl,48.53118619246862,15.502826359832635
AT36,AT,36,Pöggstall,48.32711215880893,15.23114665012407
AT37,AT,37,Kühnring,48.64119645390071,15.77648014184397
AT38,AT,38,Thaya,48.85955253456221,15.279246082949308
AT39,AT,39,Zwettl-Niederösterreich,48.63115045045045,15.022972972972973
AT40,AT,40,Pupping,48.34308508158508,14.009696503496505
AT41,AT,41,Arnreit,48.517127599999995,14.014416933333333
AT42,AT,42,Neumarkt im Mühlkreis,48.42284362204724,14.521518897637797
AT43,AT,43,Mollnegg,48.258214242424245,14.715998484848484
AT44,AT,44,Dietach,48.090744642857146,14.427534523809523
AT45,AT,45,Grünburg,47.96140962566845,14.216886631016044
AT46,AT,46,Pennewang,48.11907494252874,13.87282643678161
AT47,AT,47,Raab,48.33972361652378,13.692176617303197
AT48,AT,48,Steindorf,47.95772777101096,13.548148233861147
AT49,AT,49,Mehrnbach,48.20192105263158,13.43806111111111
AT50,AT,50,Bayerisch Gmain,47.70891666666667,12.921033333333332
AT51,AT,51,Ibm,48.06566391129032,12.96804314516129
AT52,AT,52,Weinberg,48.10120569259962,13.177026375711575
AT53,AT,53,Fuschl am See,47.79327640449438,13.311424719101122
AT54,AT,54,Scheffau am Tennengebirge,47.60307052631579,13.212242105263158
AT55,AT,55,Brak danych,47.28802526315789,13.521232631578947
AT56,AT,56,Brak danych,47.27066239316239,13.061882051282051
AT57,AT,57,Saalbach-Hinterglemm,47.33693987341772,12.618637341772152
AT60,AT,60,Innsbruck,47.25090975609756,11.41790243902439
AT61,AT,61,Innsbruck,47.22459195402298,11.431281609195402
AT62,AT,62,Fügen,47.34608510638298,11.854352127659574
AT63,AT,63,Scheffau am Wilden Kaiser,47.54222474226804,12.22430206185567
AT64,AT,64,Oetz,47.20738735632184,10.940910344827586
AT65,AT,65,Kappl,47.07788181818182,10.51581590909091
AT66,AT,66,Forchach,47.40906585365854,10.589891463414634
AT67,AT,67,Raggal,47.183128205128206,9.905852564102563
AT68,AT,68,Viktorsberg,47.312237499999995,9.756073214285715
AT69,AT,69,Doren,47.48360588235295,9.844861764705882
AT70,AT,70,Eisenstadt,47.8130947368421,16.53207631578947
AT71,AT,71,Frauenkirchen,47.82177368421053,16.89798947368421
AT72,AT,72,Wiesen,47.74377692307692,16.352192307692306
AT73,AT,73,Stoob,47.5418909090909,16.488388636363638
AT74,AT,74,Goberling,47.353649,16.299465
AT75,AT,75,Deutsch Tschantschendorf,47.12065217391305,16.290998913043477
AT80,AT,80,Aschenbachberg,47.02322831858407,15.533709292035399
AT81,AT,81,St. Radegund,47.175873354231975,15.444765203761756
AT82,AT,82,Dienersdorf,47.23830695652174,15.909322028985507
AT83,AT,83,Feldbach,46.951914373088684,15.876268195718655
AT84,AT,84,Leitring,46.77732857142857,15.569383586626138
AT85,AT,85,Kothvogel,46.87471740331492,15.248904696132596
AT86,AT,86,Kindberg,47.532771129707115,15.450576987447699
AT87,AT,87,Gaal,47.28901214057508,14.752295846645367
AT88,AT,88,Murau,47.123470833333336,14.235153124999998
AT89,AT,89,Stainach-Pürgg,47.529477033492824,14.107132057416269
AT90,AT,90,Klagenfurt am Wörthersee,46.63519759036144,14.307316064257028
AT91,AT,91,Seelach,46.60607272727273,14.559421212121212
AT92,AT,92,Velden am Wörther See,46.6208452631579,14.032714736842104
AT93,AT,93,Mölbling,46.85931722772277,14.36474
AT94,AT,94,Wolfsberg,46.803399999999996,14.850628417266186
AT95,AT,95,Stiegl,46.713157545605306,14.009171807628524
AT96,AT,96,Hermagor-Pressegger See,46.6371164556962,13.257492405063292
AT97,AT,97,Steinfeld im Drautal,46.74010880829016,13.37639792746114
AT98,AT,98,Mühldorf,46.90226366559485,13.352346623794213
AT99,AT,99,Schlaiten,46.87200662251656,12.587711920529802
CH10,CH,10,Épalinges,46.565347321428575,6.663129464285714
CH11,CH,11,Yens,46.52564788732394,6.402504225352113
CH12,CH,12,Genthod,46.263784328358206,6.150588805970149
CH13,CH,13,Moiry,46.66717962962963,6.4591870370370374
CH14,CH,14,Cheseaux-Noréaz,46.79227216494846,6.686085567010309
CH15,CH,15,Fétigny,46.804832352941176,6.912794117647059
CH16,CH,16,Vaulruz,46.61393379310345,6.969838620689655
CH17,CH,17,Villars-sur-Glâne,46.80179454545455,7.115664545454546
CH18,CH,18,Yvorne,46.34774302325581,6.944695348837209
CH19,CH,19,Isérables,46.158459006211174,7.272419875776397
CH20,CH,20,Neuchâtel,47.00266,6.90262
CH21,CH,21,Val-de-Travers,46.9203625,6.61684375
CH22,CH,22,Val-de-Ruz,47.02303333333333,6.8538
CH23,CH,23,Les Bois,47.169110714285715,6.917532142857143
CH24,CH,24,Le Cerneux-Péquignot,47.01211,6.66537
CH25,CH,25,Nidau,47.12779999999999,7.241142592592593
CH26,CH,26,Cormoret,47.16025882352942,7.050876470588236
CH27,CH,27,Valbirse,47.259510526315786,7.25308947368421
CH28,CH,28,Develier,47.355084090909095,7.295445454545455
CH29,CH,29,Porrentruy,47.423834285714285,7.072074285714286
CH30,CH,30,Berno,46.94804948453608,7.4348432989690725
CH31,CH,31,Oberbalm,46.849900000000005,7.414
CH32,CH,32,Radelfingen,47.020136842105266,7.2593657894736845
CH33,CH,33,Niederösch,47.116739583333334,7.587677083333333
CH34,CH,34,Heimiswil,47.058992727272724,7.6689727272727275
CH35,CH,35,Signau,46.91475357142857,7.717232142857143
CH36,CH,36,Steffisburg,46.764266666666664,7.63473492063492
CH37,CH,37,Diemtigen,46.57115833333333,7.5365312499999995
CH38,CH,38,Grindelwald,46.66771590909091,7.975270454545455
CH39,CH,39,Ausserberg,46.31228333333333,7.8438743055555555
CH40,CH,40,Bazylea,47.55367428571429,7.587562857142857
CH41,CH,41,Therwil,47.50726842105263,7.575468421052631
CH42,CH,42,Breitenbach,47.4094037037037,7.538314814814815
CH43,CH,43,Zeiningen,47.5353,7.860845
CH44,CH,44,Zunzgen,47.44273620689655,7.801386206896551
CH45,CH,45,Biberist,47.19009428571428,7.55387
CH46,CH,46,Olten,47.337888235294116,7.881155882352941
CH47,CH,47,Laupersdorf,47.30003571428572,7.646914285714286
CH48,CH,48,Zofingen,47.28270833333334,7.938879166666666
CH49,CH,49,Gutenburg,47.170340625,7.803709375
CH50,CH,50,Aarau,47.40031964285714,8.048433928571429
CH51,CH,51,Veltheim,47.43026,8.14565
CH52,CH,52,Riniken,47.497151851851854,8.185333333333332
CH53,CH,53,Kleindöttingen,47.56390454545454,8.248927272727272
CH54,CH,54,Ennetbaden,47.47741282051282,8.320484615384615
CH55,CH,55,Hägglingen,47.39686363636363,8.239681818181818
CH56,CH,56,Boswil,47.298541666666665,8.301074999999999
CH57,CH,57,Oberkulm,47.30587499999999,8.143625
CH60,CH,60,Kriens,47.009839743589744,8.273615384615384
CH61,CH,61,Menznau,47.02621904761905,8.004890476190477
CH62,CH,62,Geuensee,47.19838461538461,8.130295384615385
CH63,CH,63,Küssnacht (SZ),47.06001578947369,8.470308771929824
CH64,CH,64,Flüelen,46.92556666666667,8.610601754385964
CH65,CH,65,Bellinzona,46.2183390625,9.0164953125
CH66,CH,66,Aurigeno,46.23953733333333,8.688939999999999
CH67,CH,67,Faido,46.45938196721312,8.865644262295081
CH68,CH,68,Val Mara,45.9318546875,8.9812265625
CH69,CH,69,Vezia,46.02519152542373,8.936745762711865
CH70,CH,70,Malix,46.817194736842104,9.521678947368422
CH71,CH,71,Obersaxen-Mundaun,46.73556119402985,9.110010447761194
CH72,CH,72,Fideris,46.912422222222226,9.736382222222222
CH73,CH,73,Bad Ragaz,46.988883333333334,9.472766666666667
CH74,CH,74,Albula/Alvra,46.64485802469136,9.49367037037037
CH75,CH,75,Zernez,46.640660784313724,10.082547058823529
CH76,CH,76,Borgonovo,46.3465,9.5852875
CH77,CH,77,San Carlo,46.31834615384616,10.084900000000001
CH80,CH,80,Zurych,47.38047313432836,8.534741791044777
CH81,CH,81,Rümlang,47.43897058823529,8.510419117647059
CH82,CH,82,Gailingen am Hochrhein,47.69309855072464,8.754434782608696
CH83,CH,83,Ehrikon,47.4280625,8.806485416666666
CH84,CH,84,Oberohringen,47.52691585365854,8.723325609756097
CH85,CH,85,Märstetten,47.58010230769231,9.074539230769231
CH86,CH,86,Gossau (ZH),47.31491538461538,8.769453846153846
CH87,CH,87,Schübelbach,47.12835,8.967908064516129
CH88,CH,88,Schübelbach,47.142941666666665,8.955622222222223
CH89,CH,89,Islisberg,47.32368888888888,8.43488
CH90,CH,90,Teufen (AR),47.39855636363636,9.397445454545455
CH91,CH,91,Schwellbrunn,47.34838499999999,9.22496
CH92,CH,92,Niederbüren,47.457625,9.193800000000001
CH93,CH,93,Roggwil (TG),47.50472105263158,9.392726315789472
CH94,CH,94,Kobelwald,47.32962666666666,9.529308333333335
CH95,CH,95,Braunau,47.494291304347826,9.049265217391305
CH96,CH,96,Wattwil,47.310758620689654,9.127679310344828
PT10,PT,10,Lizbona,38.7167,-9.1333
PT11,PT,11,Lizbona,38.7167,-9.1333
PT12,PT,12,Lizbona,38.7167,-9.1333
PT13,PT,13,Lizbona,38.716699999999996,-9.1333
PT14,PT,14,Lizbona,38.711016619718315,-9.176990563380281
PT15,PT,15,Lizbona,38.7167,-9.1333
PT16,PT,16,Lizbona,38.75952409495549,-9.179575074183976
PT17,PT,17,Lizbona,38.7167,-9.1333
PT18,PT,18,Lizbona,38.730163858093135,-9.126611086474501
PT19,PT,19,Lizbona,38.7167,-9.1333
PT20,PT,20,Santarém,39.23944345154985,-8.761699804523877
PT21,PT,21,Salvaterra de Magos,39.06947538461538,-8.633952261072261
PT22,PT,22,Abrantes,39.51504305177112,-8.252948410535875
PT23,PT,23,Torres Novas,39.51817515683814,-8.517062317022166
PT24,PT,24,Batalha,39.69340683672148,-8.815056234623851
PT25,PT,25,Moita dos Ferreiros,39.23203795434064,-9.213796890958246
PT26,PT,26,Loures,38.84307219300959,-9.186153613774616
PT27,PT,27,Cascais,38.750212692050766,-9.330829907433916
PT28,PT,28,Seixal,38.64636251372788,-9.095756510067114
PT29,PT,29,Palmela,38.538785655314754,-8.95182968008256
PT30,PT,30,Coimbra,40.250037150035894,-8.55570502512563
PT31,PT,31,Soure,40.00393467422096,-8.632284532577904
PT32,PT,32,Espinhal,39.98948980087421,-8.318407090820788
PT33,PT,33,Góis,40.193514811490125,-8.09262118491921
PT34,PT,34,Carregal do Sal,40.418236031803396,-7.998590133718829
PT35,PT,35,Viseu,40.65874235695986,-7.853032251636778
PT36,PT,36,Mões,40.87369767206478,-7.857409615384616
PT37,PT,37,Albergaria-a-Velha,40.764704803362356,-8.456224076853799
PT38,PT,38,Estarreja,40.727013919288645,-8.61770880642955
PT40,PT,40,Porto,41.1496,-8.611
PT41,PT,41,Porto,41.1496,-8.611
PT42,PT,42,Porto,41.1496,-8.611
PT43,PT,43,Porto,41.1496,-8.611
PT44,PT,44,Matosinhos,41.210470523540494,-8.624252067796611
PT45,PT,45,Paredes,41.114042741935485,-8.43663583365721
PT46,PT,46,Santo Isidoro e Livração,41.214056578744405,-8.150864183248496
PT47,PT,47,Vila Nova de Famalicão,41.47262922420058,-8.490251262718022
PT48,PT,48,Guimarães,41.4607898697318,-8.239642743295018
PT49,PT,49,Ponte de Lima,41.84508372948129,-8.602968929743927
PT50,PT,50,Vila Real,41.25816501950585,-7.7009465973125275
PT51,PT,51,Trevões,41.10356987249545,-7.402664553734062
PT52,PT,52,Miranda do Douro,41.455817076923076,-6.491917230769231
PT53,PT,53,Macedo de Cavaleiros,41.60829056806002,-6.975722240085745
PT54,PT,54,Chaves,41.68472022776573,-7.5244645336225595
PT60,PT,60,Castelo Branco,39.8626951651508,-7.403208137865007
PT61,PT,61,Sertã,39.80173914843288,-7.99458030751035
PT62,PT,62,Covilhã,40.281123290273555,-7.560706762917934
PT63,PT,63,Guarda,40.53526900621118,-7.184804099378882
PT64,PT,64,Trancoso,40.81177200929152,-7.211734959349593
PT70,PT,70,Évora,38.602077907854984,-8.026691087613292
PT71,PT,71,Borba,38.79609947478992,-7.528417542016807
PT72,PT,72,Reguengos de Monsaraz,38.42438179571664,-7.488386655683691
PT73,PT,73,Arronches,39.182154628422424,-7.310762646675358
PT74,PT,74,Avis,39.106259082568805,-7.825364097859328
PT75,PT,75,Santiago do Cacém,38.07060077092511,-8.604667584434655
PT76,PT,76,Odemira,37.6917365836299,-8.484897722419928
PT77,PT,77,Castro Verde,37.58634827586207,-7.954854900181488
PT78,PT,78,Serpa,38.03760288828338,-7.616920163487739
PT79,PT,79,Alvito,38.1748406277245,-7.998510462074978
PT80,PT,80,Faro,37.03258039473684,-7.929940394736842
PT81,PT,81,Loulé,37.134544638602065,-8.04689769658459
PT82,PT,82,Albufeira,37.103969909909914,-8.249927927927928
PT83,PT,83,Silves,37.20523362831858,-8.356820707964602
PT84,PT,84,Estômbar e Parchal,37.13165656370656,-8.471141698841699
PT85,PT,85,Portimão,37.20663794549266,-8.56336037735849
PT86,PT,86,Lagos,37.13635827272727,-8.763998272727273
PT87,PT,87,Olhão,37.036737832699615,-7.828153802281369
PT88,PT,88,Tavira,37.15604072072072,-7.674518738738739
PT89,PT,89,Castro Marim,37.275726501305485,-7.518024412532637
PT90,PT,90,Funchal,32.636420593692016,-16.90250723562152
PT91,PT,91,Santa Cruz,32.67638650190114,-16.819369961977188
PT92,PT,92,Santana,32.75260395010395,-16.903090436590436
PT93,PT,93,Ponta do Sol,32.70866998135488,-17.09025487880671
PT94,PT,94,Vila Baleira,33.0602,-16.3341
PT95,PT,95,Brak danych,37.65739468892261,-25.583245751138087
PT96,PT,96,Maia,37.785898247422686,-25.38160144329897
PT97,PT,97,Angra do Heroísmo,38.70169736263736,-27.174980879120877
PT98,PT,98,Velas,38.646636474694596,-28.118185863874345
PT99,PT,99,Brak danych,38.7200986935867,-29.053027434679333
RO01,RO,01,Bukareszt,44.4914,26.0602
RO02,RO,02,Bukareszt,44.418,26.169100000000004
RO03,RO,03,Bukareszt,44.418,26.1691
RO04,RO,04,Bukareszt,44.3819,26.122699999999995
RO05,RO,05,Bukareszt,44.4022,26.062400000000004
RO06,RO,06,Bukareszt,44.4378,26.017400000000002
RO07,RO,07,Voluntari,44.516444761904765,26.137834285714288
RO08,RO,08,Frătești,43.969357352941174,25.938671764705884
RO10,RO,10,Boldești-Scăeni,45.007495369349506,26.03686879823594
RO11,RO,11,Budeasa Mică,44.91483121748179,24.852840478668057
RO12,RO,12,Săpoca,45.239416371681415,26.733855014749263
RO13,RO,13,Văcărești,44.86987800407332,25.483349898167006
RO14,RO,14,Călinești,44.069051692307696,25.217152
RO20,RO,20,Krajowa,44.299029771784234,23.741435995850626
RO21,RO,21,Țârculești,44.9506049122807,23.340729824561404
RO22,RO,22,Marmanu,44.63782495446266,22.80560819672131
RO23,RO,23,Milcovu din Deal,44.39382102040817,24.39891775510204
RO24,RO,24,Mihăești,45.02630942360476,24.246781701738335
RO30,RO,30,Moșnița Veche,45.747366202090596,21.339674332171892
RO31,RO,31,Covăsânț,46.22303869565218,21.558758260869567
RO32,RO,32,Carașova,45.177683333333334,21.979166444444445
RO33,RO,33,Hunedoara,45.794941676942045,22.927029223181258
RO40,RO,40,Kluż-Napoka,46.772319406779665,23.63587966101695
RO41,RO,41,Felcheriu,46.98819966178129,22.08574396843292
RO42,RO,42,Bystrzyca,47.13672727272727,24.435477389277388
RO43,RO,43,Baia Sprie,47.63267932489451,23.63276181434599
RO44,RO,44,Satu Mare,47.74795976744186,22.878423255813953
RO45,RO,45,Zalău,47.202672750000005,23.11922625
RO50,RO,50,Codlea,45.710310913705584,25.438660659898478
RO51,RO,51,Ighiu,46.204733999999995,23.38862257142857
RO52,RO,52,Ghidfalău,45.89552150537635,25.89000107526882
RO53,RO,53,Căpâlnița,46.44490976331361,25.54323727810651
RO54,RO,54,Târgu Mureș,46.557857569296374,24.554687846481876
RO55,RO,55,Șura Mare,45.90983019538188,24.23972113676732
RO60,RO,60,Buchila,46.46367360959651,26.902409269356596
RO61,RO,61,Girov,46.95104146706586,26.548214520958087
RO62,RO,62,Odobești,45.76224817987152,27.06918329764454
RO70,RO,70,Miroslava,47.174974525474525,27.466473926073924
RO71,RO,71,Răchiți,47.81407795138889,26.732969965277775
RO72,RO,72,Ilișești,47.598989593495936,26.05466325203252
RO73,RO,73,Moreni,46.51463108108108,27.703855675675676
RO80,RO,80,Smârdan,45.55748890510949,27.95066379562044
RO81,RO,81,Lacu Sărat,45.22286130841122,27.880644672897194
RO82,RO,82,Frecăței,45.10802978723404,28.746506686930093
RO90,RO,90,Valu lui Traian,44.18268766233766,28.491260551948052
RO91,RO,91,Ciocănești,44.2846394265233,27.028949820788533
RO92,RO,92,Andrășești,44.61394020618557,27.140237628865982
SI10,SI,10,Lublana,46.0511,14.5051
SI12,SI,12,Laze pri Dolskem,46.09936923076923,14.693894871794873
SI13,SI,13,Selo pri Robu,45.83113243243243,14.531635135135133
SI14,SI,14,Trbovlje,46.12011666666667,15.062616666666665
SI15,SI,15,Lublana,46.0511,14.5051
SI16,SI,16,Lublana,46.0511,14.5051
SI20,SI,20,Maribor,46.5547,15.6467
SI22,SI,22,Zasadi,46.495958333333334,15.880510416666667
SI23,SI,23,Lovrenc na Pohorju,46.48770208333334,15.380472916666667
SI25,SI,25,Maribor,46.5547,15.646700000000001
SI26,SI,26,Maribor,46.5547,15.6467
SI30,SI,30,Ilirska Bistrica,45.5916,14.1546
SI32,SI,32,Šentjur,46.21279,15.419810000000002
SI33,SI,33,Braslovče,46.3069,14.990347826086957
SI35,SI,35,Žalec,46.29505,15.18535
SI36,SI,36,Celje,46.2309,15.2604
SI40,SI,40,Kranj,46.2389,14.3556
SI42,SI,42,Radovljica,46.30428139534884,14.181225581395347
SI45,SI,45,Kranj,46.255849999999995,14.336400000000001
SI46,SI,46,Kranj,46.2389,14.3556
SI50,SI,50,Nova Gorica,45.95055,13.6431
SI52,SI,52,Nova Gorica,46.03083170731708,13.752639024390245
SI56,SI,56,Nova Gorica,45.956,13.6484
SI60,SI,60,Koper / Capodistria,45.5505,13.73485
SI62,SI,62,Divača,45.632109375,14.0067
SI63,SI,63,Piran / Pirano,45.4955,13.6077
SI65,SI,65,Koper / Capodistria,45.5469,13.729400000000002
SI66,SI,66,Koper / Capodistria,45.5469,13.7294
SI80,SI,80,Novo mesto,45.83295,15.1948
SI82,SI,82,Krško,45.947492499999996,15.362077500000002
SI83,SI,83,Novo mesto,45.688215,15.16367
SI85,SI,85,Novo mesto,45.804,15.1689
SI86,SI,86,Novo mesto,45.804,15.1689
SI90,SI,90,Murska Sobota,46.6599,16.16355
SI92,SI,92,Murska Sobota,46.67974117647059,16.178102941176473
SI95,SI,95,Kupšinci,46.65225,16.1021
SI96,SI,96,Murska Sobota,46.6625,16.1664
DK08,DK,08,Taastrup,55.6471,12.2742
DK09,DK,09,Brak danych,56.812200000000004,10.645624999999999
DK10,DK,10,Kopenhaga,55.67701818181818,12.574398181818182
DK11,DK,11,Kopenhaga,55.68072413793104,12.576484482758621
DK12,DK,12,Kopenhaga,55.680261904761906,12.583759523809524
DK13,DK,13,Kopenhaga,55.686513999999995,12.57853
DK14,DK,14,Kopenhaga,55.676052380952385,12.588088888888889
DK15,DK,15,Kopenhaga,55.67332380952381,12.569090476190476
DK16,DK,16,Kopenhaga,55.67301333333333,12.554816666666666
DK17,DK,17,Kopenhaga,55.667905714285716,12.549674285714286
DK18,DK,18,Frederiksberg,55.67526842105263,12.53988245614035
DK19,DK,19,Frederiksberg,55.680602040816325,12.549171428571428
DK20,DK,20,Frederiksberg,55.6825,12.5179
DK21,DK,21,Kopenhaga,55.70955,12.5852
DK22,DK,22,Kopenhaga,55.6948,12.5503
DK23,DK,23,Kopenhaga,55.6511,12.603
DK24,DK,24,Frederiksberg,55.6785,12.5311
DK25,DK,25,Kopenhaga,55.661,12.5006
DK26,DK,26,Gmina Ishøj,55.63028571428571,12.345978571428573
DK27,DK,27,Gmina Rødovre,55.69747777777778,12.447744444444446
DK28,DK,28,Kongens Lyngby,55.7732125,12.499625
DK29,DK,29,Vedbæk,55.840133333333334,12.539444444444445
DK30,DK,30,Helsingør,56.005340000000004,12.53504
DK31,DK,31,Helsingør,56.081275,12.480025
DK32,DK,32,Gmina Helsinge,56.069359999999996,12.19306
DK33,DK,33,Frederiksværk,55.95127142857143,12.036428571428571
DK34,DK,34,Karlebo,55.92324,12.396260000000002
DK35,DK,35,Gmina Egedal,55.819375,12.297525
DK36,DK,36,Frederikssund,55.80396,12.130080000000001
DK37,DK,37,Bornholms Regionskommune,55.14518888888889,14.910266666666665
DK40,DK,40,Lejre Kommune,55.685066666666664,12.015616666666666
DK41,DK,41,Ringsted,55.45011111111111,11.762755555555556
DK42,DK,42,Gmina Slagelse,55.37044705882353,11.365370588235294
DK43,DK,43,Gmina Holbæk,55.627744444444446,11.773355555555556
DK44,DK,44,Gmina Kalundborg,55.65265,11.3361875
DK45,DK,45,Gmina Odsherred,55.8316,11.479946666666667
DK46,DK,46,Gmina Stevns,55.367066666666666,12.147966666666667
DK47,DK,47,Mern,55.04696428571429,12.035857142857143
DK48,DK,48,Nykøbing Falster,54.75705,11.83467857142857
DK49,DK,49,Stokkemarke,54.83588235294118,11.36450588235294
DK50,DK,50,Odense,55.4028,10.392
DK51,DK,51,Odense,55.3959,10.3883
DK52,DK,52,Odense,55.3906,10.395588888888888
DK53,DK,53,Kerteminde,55.47577142857143,10.602671428571428
DK54,DK,54,Veflinge,55.47676363636364,10.146072727272728
DK55,DK,55,Gmina Assens,55.410557142857144,10.1169
DK56,DK,56,Gmina Assens,55.17467272727272,10.152554545454546
DK57,DK,57,Kværndrup,55.160783333333335,10.501833333333332
DK58,DK,58,Nyborg,55.19891666666666,10.682
DK59,DK,59,Gmina Langeland,54.89436666666667,10.586
DK60,DK,60,Kolding,55.48569,9.49338
DK61,DK,61,Haderslev,55.2431,9.5239
DK62,DK,62,Bedsted,55.03622857142857,9.091728571428572
DK63,DK,63,Aabenraa,54.9100375,9.4090875
DK64,DK,64,Sønderborg,54.95465,9.8602
DK65,DK,65,Gmina Haderslev,55.2371125,9.1703625
DK66,DK,66,Gmina Vejen,55.49965,9.045625
DK67,DK,67,Tjæreborg,55.427414285714285,8.601514285714286
DK68,DK,68,Gmina Varde,55.69810666666667,8.404426666666668
DK69,DK,69,Ølstrup,56.09792,8.4346
DK70,DK,70,Ullerup,55.59153333333333,9.713333333333333
DK71,DK,71,Vejle,55.749583333333334,9.5238
DK72,DK,72,Sønder Omme,55.825739999999996,8.88562
DK73,DK,73,Gmina Vejle,55.887550000000005,9.290116666666668
DK74,DK,74,Gmina Herning,56.198825,9.0679625
DK75,DK,75,Gmina Holstebro,56.3534,8.653659999999999
DK76,DK,76,Lemvig,56.53088333333333,8.29425
DK77,DK,77,Thisted,56.89412222222222,8.5964
DK78,DK,78,Gmina Skive,56.60971428571429,8.994228571428572
DK79,DK,79,Vils,56.76886666666667,8.70205
DK80,DK,80,Aarhus,56.1535,10.2034
DK81,DK,81,Aarhus,56.1567,10.2108
DK82,DK,82,Aarhus,56.16967777777778,10.191444444444445
DK83,DK,83,Aarhus,56.09032142857143,10.152464285714286
DK84,DK,84,Lystrup,56.222322222222225,10.22971111111111
DK85,DK,85,Gmina Syddjurs,56.38646923076923,10.584746153846153
DK86,DK,86,Silkeborg,56.1571,9.64537
DK87,DK,87,Horsens,55.86808125,9.79216875
DK88,DK,88,Mammen,56.397490909090905,9.618245454545455
DK89,DK,89,Randers,56.50396666666666,10.137916666666667
DK90,DK,90,Aalborg,57.0394,9.9135
DK91,DK,91,Aalborg,57.048,9.9187
DK92,DK,92,Aalborg,56.984777777777786,9.956311111111111
DK93,DK,93,Gmina Brønderslev,57.16047272727272,10.19219090909091
DK94,DK,94,Pandrup,57.196375,9.7112375
DK95,DK,95,Gmina Mariagerfjord,56.782333333333334,9.944566666666667
DK96,DK,96,Aars,56.80406666666667,9.3913
DK97,DK,97,Gmina Hjørring,57.315200000000004,10.06645
DK98,DK,98,Astrup,57.49098,10.10086
DK99,DK,99,Frederikshavn,57.51175,10.56845
HU10,HU,10,Budapeszt,47.4984,19.0404
HU11,HU,11,Budapeszt,47.4984,19.0404
HU12,HU,12,Budapeszt,47.4984,19.0404
HU20,HU,20,Pilisszentiván,47.59659230769231,18.87199230769231
HU21,HU,21,Gödöllő,47.64788444444444,19.353824444444445
HU22,HU,22,Úri,47.407383333333335,19.50965
HU23,HU,23,Bugyi,47.226702777777774,19.145569444444444
HU24,HU,24,Iváncsa,47.13161,18.78667
HU25,HU,25,Tokod,47.711600000000004,18.644996153846154
HU26,HU,26,Bánk,47.9282725,19.1858275
HU27,HU,27,Cegléd,47.21586,19.775964
HU28,HU,28,Kömlőd,47.54222564102564,18.22899230769231
HU29,HU,29,Nagyigmánd,47.66036666666666,18.074826666666663
HU30,HU,30,Szurdokpüspöki,47.849351999999996,19.676271999999997
HU31,HU,31,Etes,48.08998076923077,19.74735
HU32,HU,32,Markaz,47.838589795918374,20.042036734693877
HU33,HU,33,Demjén,47.82200161290323,20.35129516129032
HU34,HU,34,Mezőkeresztes,47.8501125,20.71566875
HU35,HU,35,Sajólád,48.02752881355933,20.87094406779661
HU36,HU,36,Ózd,48.212321951219515,20.36330487804878
HU37,HU,37,Szendrőlád,48.34326236559139,20.712421505376344
HU38,HU,38,Szalaszend,48.383114942528735,21.09714712643678
HU39,HU,39,Bodrogolaszi,48.298309876543215,21.517939506172837
HU40,HU,40,Hajdúböszörmény,47.638205882352935,21.43530882352941
HU41,HU,41,Berettyóújfalu,47.19444444444444,21.49667111111111
HU42,HU,42,Hajdúsámson,47.58333421052632,21.795426315789474
HU43,HU,43,Nyírbátor,47.834051515151515,22.168148484848484
HU44,HU,44,Buj,48.090620512820514,21.641643589743587
HU45,HU,45,Ramocsaháza,48.060065853658536,21.999509756097563
HU46,HU,46,Mándok,48.29590952380953,22.18058095238095
HU47,HU,47,Porcsalma,47.90538,22.567093333333332
HU48,HU,48,Vásárosnamény,48.14522727272727,22.334068181818182
HU49,HU,49,Fülesd,48.03654893617021,22.65291914893617
HU50,HU,50,Szolnok,47.20506956521739,20.249269565217393
HU51,HU,51,Jászjákóhalma,47.511094117647055,19.99315882352941
HU52,HU,52,Tiszagyenda,47.33773076923077,20.514323076923077
HU53,HU,53,Kunmadaras,47.4375,20.77499375
HU54,HU,54,Tiszaföldvár,46.940835,20.311625
HU55,HU,55,Körösladány,46.95293636363636,21.031118181818183
HU56,HU,56,Békéscsaba,46.674643478260876,21.03332608695652
HU57,HU,57,Gyula,46.617542105263155,21.276300000000003
HU58,HU,58,Battonya,46.35237142857142,20.988114285714286
HU59,HU,59,Orosháza,46.55129230769231,20.715392307692305
HU60,HU,60,Kerekegyháza,46.89907058823529,19.53778823529412
HU61,HU,61,Jászszentlászló,46.607960000000006,19.77014
HU62,HU,62,Kiskőrös,46.6096,19.32485
HU63,HU,63,Kalocsa,46.54660740740741,19.010492592592595
HU64,HU,64,Mélykút,46.226752,19.357012
HU65,HU,65,Csátalja,46.067225,18.953991666666667
HU66,HU,66,Szentes,46.626266666666666,20.279853333333335
HU67,HU,67,Segedyn,46.2956,20.07026
HU68,HU,68,Hódmezővásárhely,46.437525,20.383300000000002
HU69,HU,69,Királyhegyes,46.26113333333333,20.60888
HU70,HU,70,Kisszékely,46.671921818181815,18.534852727272728
HU71,HU,71,Kakasd,46.35954042553192,18.59732340425532
HU72,HU,72,Gölle,46.46998205128205,18.04437435897436
HU73,HU,73,Kisvaszar,46.27298679245283,18.19941320754717
HU74,HU,74,Kaposvár,46.40643863636364,17.7869
HU75,HU,75,Lábod,46.19715272727273,17.460745454545453
HU76,HU,76,Pecz,46.09427543859649,18.224259649122807
HU77,HU,77,Versend,45.99713902439024,18.490910975609754
HU78,HU,78,Diósviszló,45.86630909090909,18.1521
HU79,HU,79,Szigetvár,46.00311707317073,17.81169756097561
HU80,HU,80,Zámoly,47.31713714285714,18.36934
HU81,HU,81,Füle,47.05207142857143,18.256777551020406
HU82,HU,82,Balatoncsicsó,46.91962698412698,17.685047619047616
HU83,HU,83,Zalaszántó,46.89386666666667,17.24117843137255
HU84,HU,84,Magyarpolány,47.18862098765432,17.56966172839506
HU85,HU,85,Pápa,47.341429166666664,17.497035416666666
HU86,HU,86,Nagycsepely,46.738807692307695,17.84433076923077
HU87,HU,87,Balatonmagyaród,46.63028235294118,17.158604901960786
HU88,HU,88,Rigyác,46.45007575757575,16.857663636363636
HU89,HU,89,Pálfiszeg,46.77023442622951,16.720494262295084
HU90,HU,90,Töltéstava,47.63075365853659,17.72948536585366
HU91,HU,91,Enese,47.64363392857143,17.441039285714286
HU92,HU,92,Mosonmagyaróvár,47.87687272727273,17.26548181818182
HU93,HU,93,Mihályi,47.51520000000001,17.12476222222222
HU94,HU,94,Pereszteg,47.581275,16.751115
HU95,HU,95,Celldömölk,47.24160588235294,17.152355882352943
HU96,HU,96,Sárvár,47.29209761904762,16.912445238095238
HU97,HU,97,Szombathely,47.236713333333334,16.657837333333333
HU98,HU,98,Pácsony,47.00872,16.85225
HU99,HU,99,Hegyhátszentmárton,46.9240948275862,16.465141379310346
BG10,BG,10,Sofia,42.6833,23.3167
BG11,BG,11,Лозен,42.6,23.45
BG12,BG,12,Войнеговци,42.8004,23.4216
BG13,BG,13,Bankja,42.70835,23.11665
BG16,BG,16,Мърчаево,42.6,23.1833
BG17,BG,17,Sofia,42.710240740740744,23.357540740740742
BG20,BG,20,Веринско,42.47515333333334,23.754114444444443
BG21,BG,21,Врачеш,42.80989242424243,23.78783787878788
BG22,BG,22,Василовци,42.93401782945737,23.09891472868217
BG23,BG,23,Слаковци,42.68448813559322,22.916825423728813
BG24,BG,24,Долна Секирна,42.63867387387387,22.74402252252252
BG25,BG,25,Соволяно,42.32662522522523,22.659248648648646
BG26,BG,26,Каменик,42.22506,23.047725714285715
BG27,BG,27,Brak danych,41.92564814814815,23.32946049382716
BG28,BG,28,Лебница,41.51921276595745,23.232018439716313
BG29,BG,29,Дъбница,41.57078793103448,23.839396551724136
BG30,BG,30,Лиляче,43.32511081081081,23.552024324324325
BG31,BG,31,Брусен,43.13293414634146,23.764224390243903
BG32,BG,32,Бъркачево,43.42555333333333,23.912223333333333
BG33,BG,33,Войводово,43.65634285714285,23.878571428571426
BG34,BG,34,Долна Вереница,43.438001666666665,23.145668333333333
BG35,BG,35,Песочница,43.256910714285716,23.207067857142857
BG36,BG,36,Расово,43.70048863636364,23.240804545454548
BG37,BG,37,Бела Рада,43.95585405405406,22.763966216216215
BG38,BG,38,Кула,43.8963875,22.537995833333337
BG39,BG,39,Орешец,43.624562790697674,22.731923255813953
BG40,BG,40,Царацово,42.183350000000004,24.69165
BG41,BG,41,Калековец,42.25306224489796,24.820376530612247
BG42,BG,42,Мулдава,41.99486764705882,24.938976470588237
BG43,BG,43,Дъбене,42.58434594594594,24.773586486486487
BG44,BG,44,Ковачево,42.230953968253964,24.221515873015875
BG45,BG,45,Юнаците,42.244778571428576,24.279775
BG46,BG,46,Мече корито,41.98001851851851,23.896644444444444
BG47,BG,47,Чокманово,41.534112,24.738838666666666
BG48,BG,48,Брезе,41.71985588235294,24.537007352941174
BG49,BG,49,Митовска,41.51644363636363,24.973791818181816
BG50,BG,50,Бръчковци,42.93342050209205,25.805128451882844
BG51,BG,51,Сушица,43.238275,25.798548333333333
BG52,BG,52,Батак,43.335958536585366,25.307892682926827
BG53,BG,53,Цвятковци,42.89354081632653,25.421526530612244
BG54,BG,54,Шумата,42.95031166666667,25.06562166666667
BG55,BG,55,Łowecz,43.13765833333333,24.738556250000002
BG56,BG,56,Белиш,42.90776590909091,24.740163636363636
BG57,BG,57,Brak danych,43.044820512820515,24.22161794871795
BG58,BG,58,Plewen,43.437565,24.56595666666667
BG59,BG,59,Коиловци,43.51150909090909,24.78394
BG60,BG,60,Калояновец,42.334890625,25.6376359375
BG61,BG,61,Долно изворово,42.63407142857143,25.468892063492063
BG62,BG,62,Борово,42.254514864864866,25.55972027027027
BG63,BG,63,Долно Войводино,41.815652,25.574701333333334
BG64,BG,64,Брягово,41.92437792207792,25.792942857142855
BG65,BG,65,Свиленград,41.78685294117647,26.18490392156863
BG66,BG,66,Brak danych,41.69433333333333,25.414654166666665
BG67,BG,67,Рибарци,41.661794308943094,25.239569918699186
BG68,BG,68,Великденче,41.444161904761906,25.366960714285717
BG69,BG,69,Багрилци,41.46485,25.786894262295082
BG70,BG,70,Czerwena woda,43.787884210526315,26.128618421052632
BG71,BG,71,Волово,43.51722631578948,25.78596052631579
BG72,BG,72,Razgrad,43.511585714285715,26.54419387755102
BG73,BG,73,Задруга,43.825649999999996,26.509615384615383
BG74,BG,74,Лъвино,43.670994117647055,26.85000294117647
BG75,BG,75,Алфатар,43.9789125,27.29255625
BG76,BG,76,Падина,43.88661388888889,26.920025
BG77,BG,77,Tyrgowiszte,43.24632888888889,26.594944444444444
BG78,BG,78,Попово,43.350827083333336,26.242097916666665
BG79,BG,79,Илийно,43.07974803921568,26.308627450980392
BG80,BG,80,Burgas,42.5,27.4667
BG81,BG,81,Burgas,42.4506487804878,27.403087804878048
BG82,BG,82,Brak danych,42.527514893617024,27.693572340425533
BG83,BG,83,Варовник,42.233591304347826,27.212634782608692
BG84,BG,84,Мъдрино,42.70752741935484,26.901604838709677
BG85,BG,85,Ябълчево,42.808660317460316,27.245301587301586
BG86,BG,86,Окоп,42.4116380952381,26.558466666666664
BG87,BG,87,Маломирово,42.12118032786885,26.61989344262295
BG88,BG,88,Sliwen,42.660172549019606,26.268176470588234
BG89,BG,89,Струпец,42.6042546875,26.1854453125
BG90,BG,90,Warna,43.21113333333333,27.861100000000004
BG91,BG,91,Белослав,43.17243924050633,27.741600000000002
BG92,BG,92,Кривня,43.21066891891892,27.399644594594594
BG93,BG,93,Dobricz,43.571718181818184,27.761154545454545
BG94,BG,94,Хитово,43.780415,27.573825
BG95,BG,95,Generał Toszewo,43.7195119047619,28.082519047619048
BG96,BG,96,Вранино,43.52488983050847,28.298183050847456
BG97,BG,97,Сливак,43.4553,26.924095833333336
BG98,BG,98,Драгоево,43.121744067796605,26.886525423728816
BG99,BG,99,Църквица,43.46490888888889,27.187688888888886
EE10,EE,10,Tallinn,59.42686634615385,24.727723076923077
EE11,EE,11,Tallinn,59.40774736842105,24.732822807017545
EE12,EE,12,Tallinn,59.42027878787879,24.716848484848484
EE13,EE,13,Tallinn,59.42627014925373,24.758934328358208
EE15,EE,15,Tallinn,59.43577777777778,24.754485185185185
EE19,EE,19,Tallinn,59.3946,24.6705
EE29,EE,29,Narva-Jõesuu linn,59.436128571428576,28.019085714285715
EE30,EE,30,Kohtla-Järve linn,59.38459032258064,27.27673548387097
EE31,EE,31,Kohtla-Järve linn,59.3319625,27.442425
EE40,EE,40,Narva-Jõesuu linn,59.37328636363636,27.897672727272724
EE41,EE,41,Alutaguse vald,59.250975,27.413226785714283
EE42,EE,42,Alutaguse vald,59.10281587301588,26.980020634920635
EE43,EE,43,Lüganuse vald,59.39042857142857,26.954092857142854
EE44,EE,44,Rakvere vald,59.41153085106383,26.499536170212767
EE45,EE,45,Haljala vald,59.433551111111115,26.09796148148148
EE46,EE,46,Väike-Maarja vald,59.13002692307692,26.37323956043956
EE48,EE,48,Jõgeva vald,58.75048914728682,26.286671317829455
EE49,EE,49,Jõgeva vald,58.66926186440678,26.73186186440678
EE50,EE,50,Tartu,58.36837391304348,26.722226086956525
EE51,EE,51,Tartu,58.380472727272725,26.723645454545455
EE60,EE,60,Peipsiääre vald,58.5262675,26.914053333333335
EE61,EE,61,Elva vald,58.27683571428572,26.405468253968255
EE62,EE,62,Kastre vald,58.2954775862069,26.9323275862069
EE63,EE,63,Kanepi vald,58.06420333333333,26.9238125
EE64,EE,64,Räpina vald,57.98983,27.44628125
EE65,EE,65,Võru vald,57.73673361344538,27.225471428571428
EE66,EE,66,Rõuge vald,57.74688090909091,26.775690454545455
EE67,EE,67,Otepää vald,58.03474556962025,26.360201265822784
EE68,EE,68,Valga vald,57.884894117647065,26.10188823529412
EE69,EE,69,Õisu,58.1832873015873,25.581179365079365
EE70,EE,70,Põhja-Sakala vald,58.494771951219505,25.74901341463415
EE71,EE,71,Põhja-Sakala vald,58.41180222222223,25.452494444444444
EE72,EE,72,Paide linn,58.837609448818895,25.580748031496064
EE73,EE,73,Järva vald,59.06602818181818,25.834488181818184
EE74,EE,74,Kuusalu vald,59.459727044025165,25.337445911949683
EE75,EE,75,Rae vald,59.248175159235664,25.044044585987262
EE76,EE,76,Lääne-Harju vald,59.277053797468355,24.333276582278483
EE78,EE,78,Märjamaa vald,58.861639416058395,24.458929197080295
EE79,EE,79,Rapla vald,59.03176941747573,24.83002718446602
EE80,EE,80,miasto Pärnu,58.38266315789474,24.51728157894737
EE85,EE,85,Tori vald,58.42498333333333,24.588391666666666
EE86,EE,86,Saarde vald,58.22946504854369,24.746079611650487
EE87,EE,87,Põhja-Pärnumaa vald,58.620108823529414,24.728030392156864
EE88,EE,88,Pärnu linn,58.45835075757576,24.032375
EE90,EE,90,Lääne-Nigula vald,58.81270941704036,23.742481165919283
EE91,EE,91,Lääne-Nigula vald,59.04450930232558,23.55577441860465
EE92,EE,92,Hiiumaa vald,58.87775230769231,22.637676410256407
EE93,EE,93,Saaremaa vald,58.294790871369294,22.257937759336098
EE94,EE,94,Saaremaa vald,58.49004626865671,22.931004850746266
HR10,HR,10,Zagrzeb,45.78975512820512,16.007213846153846
HR20,HR,20,Općina Ston,42.82140130434783,17.726549565217393
HR21,HR,21,Grad Omiš,43.45682092391304,16.686255706521738
HR22,HR,22,Ključ,43.83381111111111,16.0288702020202
HR23,HR,23,Grad Benkovac,44.1422937219731,15.46997937219731
HR31,HR,31,Habjanovci,45.55167606177606,18.389628957528956
HR32,HR,32,Novi Jankovci,45.224297701149425,18.887790804597703
HR33,HR,33,Grad Slatina,45.72966510416666,17.632791145833334
HR34,HR,34,Grad Požega,45.38780688405797,17.60502536231884
HR35,HR,35,Brodski Drenovac,45.20904569892473,17.72662580645161
HR40,HR,40,Grad Čakovec,46.426691603053435,16.452029007633588
HR42,HR,42,Ledinec,46.24744850498339,16.280560132890365
HR43,HR,43,Tociljevac,45.75684625,16.9608603125
HR44,HR,44,Grad Petrinja,45.35212785087719,16.388817105263158
HR47,HR,47,Općina Barilović,45.35720816640986,15.523527580893681
HR48,HR,48,Trnovac Sokolovački,46.08281962264151,16.681206037735848
HR49,HR,49,Općina Sveti Križ Začretje,46.09060376470588,15.889536000000001
HR51,HR,51,Fužine,45.29840843137254,14.689381176470588
HR52,HR,52,Grad Pazin,45.22371557251908,13.854269770992367
HR53,HR,53,Kosa Janjačka,44.696184790874526,15.433473384030417
IE01,IE,01,Dublin,53.354,-6.2545
IE02,IE,02,Dublin,53.34,-6.2543
IE03,IE,03,Dublin,53.3645,-6.2378
IE04,IE,04,Dublin,53.3334,-6.2335
IE05,IE,05,Dublin,53.3842,-6.1921
IE06,IE,06,Dublin,53.3088,-6.2631
IE07,IE,07,Dublin,53.3615,-6.2918
IE08,IE,08,Dublin,53.3346,-6.2733
IE09,IE,09,Dublin,53.3818,-6.2465
IE10,IE,10,Dublin,53.3409,-6.3545
IE11,IE,11,Dublin,53.3899,-6.293
IE12,IE,12,Brak danych,53.01023333333333,-7.805600000000001
IE13,IE,13,Fingal,53.3946,-6.1495
IE14,IE,14,Brak danych,53.14995,-7.0843
IE15,IE,15,Brak danych,53.19263333333333,-7.563833333333332
IE16,IE,16,Brak danych,53.7072,-6.68045
IE17,IE,17,Brak danych,52.554050000000004,-7.3682
IE18,IE,18,Brak danych,53.74845,-6.57205
IE20,IE,20,Palmerstown,53.3518,-6.3693
IE21,IE,21,Brak danych,52.526,-7.147100000000001
IE22,IE,22,Clondalkin,53.3275,-6.4006
IE23,IE,23,Brak danych,53.05282,-8.363859999999999
IE24,IE,24,Brak danych,52.57115,-7.33525
IE25,IE,25,Brak danych,52.368599999999994,-7.452866666666668
IE26,IE,26,Ballina,54.1167,-9.1667
IE28,IE,28,Brak danych,53.8,-9.5167
IE31,IE,31,Killadysert,52.654333333333334,-9.100533333333333
IE32,IE,32,Brak danych,52.744925,-7.432024999999999
IE34,IE,34,Brak danych,52.7164,-7.349379999999999
IE35,IE,35,Brak danych,52.77257999999999,-7.783119999999999
IE36,IE,36,Brak danych,52.7004,-7.0024999999999995
IE37,IE,37,Brak danych,53.4228,-7.9372
IE39,IE,39,Longford,53.7254,-7.7982
IE41,IE,41,Brak danych,53.38276666666667,-7.386299999999999
IE42,IE,42,Brak danych,52.989940000000004,-7.793819999999999
IE43,IE,43,Brak danych,51.8117,-8.3986
IE45,IE,45,Brak danych,53.15706666666667,-7.4376500000000005
IE47,IE,47,Brak danych,51.7167,-9.1167
IE51,IE,51,Brak danych,52.6447,-7.7738499999999995
IE52,IE,52,Boyle,53.9667,-8.3
IE53,IE,53,Brak danych,53.1393,-8.01055
IE54,IE,54,Tuam,53.5167,-8.85
IE56,IE,56,Brak danych,53.023160000000004,-7.695920000000001
IE61,IE,61,Brak danych,52.1358,-8.2758
IE62,IE,62,Loughrea,53.1969,-8.5669
IE63,IE,63,Brak danych,53.1408,-6.0631
IE65,IE,65,Brak danych,53.2964,-8.7431
IE67,IE,67,Brak danych,52.90016666666667,-6.845200000000001
IE71,IE,71,Brak danych,53.4891,-10.0191
IE72,IE,72,Brak danych,51.7469,-8.7425
IE75,IE,75,Brak danych,52.900000000000006,-8.09165
IE78,IE,78,Lucan,53.3574,-6.4486
IE81,IE,81,Brak danych,52.761399999999995,-7.9928
IE82,IE,82,Kells,53.7264,-6.8792
IE83,IE,83,Enfield,53.4142,-6.8323
IE84,IE,84,Brak danych,53.5116,-6.3982
IE85,IE,85,Brak danych,52.567800000000005,-7.705299999999999
IE86,IE,86,Brak danych,53.4,-6.4667
IE91,IE,91,Srah Bridge,53.272,-7.538242857142857
IE92,IE,92,Magheraveen,53.646433333333334,-7.9279
IE93,IE,93,Brak danych,53.185333333333325,-7.9976666666666665
IE94,IE,94,Brak danych,53.48133333333334,-7.693933333333334
IE95,IE,95,Brak danych,52.75475,-8.32525
IE96,IE,96,Dún Laoghaire,53.294,-6.1359
IE98,IE,98,Bray,53.2028,-6.0983
LT00,LT,00,Połąga,55.9175,21.0686
LT01,LT,01,Wilno,54.6823891566265,25.28638313253012
LT02,LT,02,Wilno,54.659053763440866,25.26129731182796
LT03,LT,03,Wilno,54.67474623655914,25.258967741935482
LT04,LT,04,Wilno,54.68260153846154,25.212123846153847
LT05,LT,05,Wilno,54.71452962962963,25.221099074074075
LT06,LT,06,Wilno,54.72212866666666,25.211898666666666
LT07,LT,07,Wilno,54.71808181818182,25.248709090909088
LT08,LT,08,Wilno,54.72388653846154,25.28079423076923
LT09,LT,09,Wilno,54.70573655913979,25.29390752688172
LT10,LT,10,Wilno,54.710401369863014,25.317275342465752
LT11,LT,11,Wilno,54.6857802919708,25.357681751824817
LT12,LT,12,Wilno,54.731235185185184,25.233462962962964
LT13,LT,13,Kapitulszczyzna,54.65889281609195,25.48006752873563
LT14,LT,14,Wilno,54.71786570680628,25.24713769633508
LT15,LT,15,Bezdany,54.82525100401607,25.508048995983934
LT17,LT,17,Świeniec,54.28782840646652,25.30683533487298
LT18,LT,18,Śmielinka,55.12277985212569,26.0313550831793
LT19,LT,19,Družai,55.03660995260664,24.886604976303317
LT20,LT,20,Jogvilai,55.247257874015745,24.82835157480315
LT21,LT,21,Zaiłgi,54.6285085106383,24.747988543371523
LT25,LT,25,Wilno,54.66292307692308,25.147353846153845
LT26,LT,26,Elektreny,54.7854,24.663
LT27,LT,27,Gudele,54.68203333333334,25.176455555555556
LT28,LT,28,Vaikutėnai,55.52694412296564,25.69426473779385
LT29,LT,29,Vėjeliškiai,55.530109428129826,25.07492488408037
LT30,LT,30,Janowo,55.386803359999995,26.400841600000003
LT31,LT,31,Wisaginia,55.6,26.4167
LT32,LT,32,Dąbrówka,55.70531734693877,26.052736880466476
LT33,LT,33,Šaukšteliškiai,55.17241978287093,25.42860603136309
LT35,LT,35,Chorążyszki,55.7083,24.44169903846154
LT36,LT,36,Poniewież,55.7333,24.35
LT37,LT,37,Poniewież,55.7333,24.35
LT38,LT,38,Dubos,55.647997868852464,24.40458786885246
LT39,LT,39,Pasvalio Vienkiemiai,56.0559,24.37016891495601
LT40,LT,40,Paketuriai,55.860092836676216,24.950525787965617
LT41,LT,41,Tauniuny,56.09745407925408,24.875392307692305
LT42,LT,42,Kowaliszki,55.954119663865555,25.52129630252101
LT44,LT,44,Kowno,54.9,23.9
LT45,LT,45,Kowno,54.9,23.9
LT46,LT,46,Kowno,54.9,23.9
LT47,LT,47,Kowno,54.9,23.9
LT48,LT,48,Kowno,54.9,23.899999999999995
LT49,LT,49,Kowno,54.9,23.9
LT50,LT,50,Kowno,54.9,23.9
LT51,LT,51,Kowno,54.9,23.9
LT52,LT,52,Kowno,54.9,23.899999999999995
LT53,LT,53,Bernatowicze Nowe,54.961737614678896,23.772684403669725
LT54,LT,54,Stabaunyčius,55.068576038338655,23.806421405750797
LT55,LT,55,Kulszyszki,55.134342704626334,24.294542704626334
LT56,LT,56,Būbliai,54.83510242587601,24.373883827493263
LT57,LT,57,Klejdany,55.2883,23.9747
LT58,LT,58,Aušra,55.35537541436464,23.92927541436464
LT59,LT,59,Bograny,54.648069197396964,23.992658568329716
LT60,LT,60,Geišiai,55.39821531365313,23.12919409594096
LT62,LT,62,Olita,54.4,24.05
LT63,LT,63,Olita,54.4,24.05
LT64,LT,64,wieś Olita,54.40344592391304,24.092421195652175
LT65,LT,65,Sołoworce,54.237739672131156,24.445175409836065
LT66,LT,66,Druskieniki,54.0167,23.9667
LT67,LT,67,Mikicie,54.18615,23.654672826086955
LT68,LT,68,Mariampol,54.5667,23.35
LT69,LT,69,Nendryniszki,54.58385330882353,23.3959
LT70,LT,70,Janukiszki,54.77353720238096,23.092965476190475
LT71,LT,71,Łuksze,54.95445880077369,23.183204448742746
LT72,LT,72,Greižėnai,55.18448421052632,22.136013157894737
LT73,LT,73,Karapolis,55.353514358974365,22.382300512820514
LT74,LT,74,Antkalniškiai,55.13138943089431,22.83963468834688
LT75,LT,75,Tubiny I,55.52246179245283,22.262879481132074
LT76,LT,76,Szawle,55.933299999999996,23.3167
LT78,LT,78,Szawle,55.9333,23.3167
LT79,LT,79,Szawle,55.9333,23.3167
LT80,LT,80,Paitaičiai,55.92402909090909,23.2286
LT81,LT,81,Šėkščiai,56.028438961038965,23.036266666666666
LT82,LT,82,Gimbogala,55.720068112244896,23.661020153061223
LT83,LT,83,Blėkoniai,56.08038466076697,23.883305014749265
LT84,LT,84,Žadvainiai,56.29265265151515,23.556733333333334
LT85,LT,85,Dabikinė,56.24374450867052,22.81533352601156
LT86,LT,86,Pakarčemis,55.65073032069971,22.86327026239067
LT87,LT,87,Telsze,55.9814,22.247199999999996
LT88,LT,88,Parakauskiai,55.90334984802431,22.379370212765956
LT89,LT,89,Kruciai,56.28524976076555,22.33108468899522
LT90,LT,90,Glaudžiai,55.89585404530744,21.888936893203883
LT91,LT,91,Kłajpeda,55.717200000000005,21.1175
LT93,LT,93,Nerynga,55.3719,21.0647
LT94,LT,94,Kłajpeda,55.717200000000005,21.1175
LT96,LT,96,Medsėdžiai,55.63983857677903,21.48798127340824
LT97,LT,97,Vaineikių Medsėdžiai,55.98649193548387,21.38187258064516
LT98,LT,98,Ersla,56.2109145945946,21.621854594594595
LT99,LT,99,Kulesze,55.34482480818414,21.647729411764704
LV10,LV,10,Ryga,56.94859814814814,24.124464814814814
LV20,LV,20,Jurmała,56.958325,23.7398375
LV21,LV,21,Garkalnes pagasts,56.99519079497908,24.317681171548116
LV30,LV,30,Jełgawa,56.613875,23.72379833333333
LV31,LV,31,Tumes pagasts,56.93648666666666,23.108656666666665
LV32,LV,32,Valdemārpils,57.362132653061224,22.579561904761906
LV33,LV,33,Snēpeles pagasts,56.8599025,21.9282575
LV34,LV,34,Gaviezes pagasts,56.52462926829268,21.319886585365854
LV36,LV,36,Tārgales pagasts,57.350605263157895,21.787291228070178
LV37,LV,37,Naudītes pagasts,56.555405263157894,23.208984210526317
LV38,LV,38,Novadnieku pagasts,56.61662750000001,22.460145
LV39,LV,39,Codes pagasts,56.4299217948718,24.22646153846154
LV40,LV,40,Limbažu pagasts,57.53208292682927,24.633943902439025
LV41,LV,41,Vaives pagasts,57.24584,25.343775
LV42,LV,42,Burtnieku pagasts,57.719461538461545,25.29536153846154
LV43,LV,43,Alsviķu pagasts,57.41891538461539,26.962834615384615
LV44,LV,44,Beļavas pagasts,57.17751212121212,26.627618181818182
LV45,LV,45,Lazdulejas pagasts,57.056426900584796,27.467816959064326
LV46,LV,46,Ozolmuižas pagasts,56.50993943412909,27.25782183908046
LV47,LV,47,Vijciema pagasts,57.56711578947369,25.914815789473685
LV48,LV,48,Praulienas pagasts,56.81035,26.252012068965517
LV50,LV,50,Rembates pagasts,56.80838604651163,24.851920930232556
LV51,LV,51,Seces pagasts,56.55935581395349,25.407660465116276
LV52,LV,52,Kalna pagasts,56.35742244897959,25.931485714285717
LV53,LV,53,Preiļu pagasts,56.298256280193236,26.668529589371982
LV54,LV,54,Maļinovas pagasts,55.98390472854641,26.62013292469352
LV56,LV,56,Skaistas pagasts,56.02194579439253,27.378919158878507
LV57,LV,57,Isnaudas pagasts,56.504688262370536,27.805541887226696
RO01,RO,01,Bukareszt,44.4914,26.0602
RO02,RO,02,Bukareszt,44.418,26.169100000000004
RO03,RO,03,Bukareszt,44.418,26.1691
RO04,RO,04,Bukareszt,44.3819,26.122699999999995
RO05,RO,05,Bukareszt,44.4022,26.062400000000004
RO06,RO,06,Bukareszt,44.4378,26.017400000000002
RO07,RO,07,Voluntari,44.516444761904765,26.137834285714288
RO08,RO,08,Frătești,43.969357352941174,25.938671764705884
RO10,RO,10,Boldești-Scăeni,45.007495369349506,26.03686879823594
RO11,RO,11,Budeasa Mică,44.91483121748179,24.852840478668057
RO12,RO,12,Săpoca,45.239416371681415,26.733855014749263
RO13,RO,13,Văcărești,44.86987800407332,25.483349898167006
RO14,RO,14,Călinești,44.069051692307696,25.217152
RO20,RO,20,Krajowa,44.299029771784234,23.741435995850626
RO21,RO,21,Țârculești,44.9506049122807,23.340729824561404
RO22,RO,22,Marmanu,44.63782495446266,22.80560819672131
RO23,RO,23,Milcovu din Deal,44.39382102040817,24.39891775510204
RO24,RO,24,Mihăești,45.02630942360476,24.246781701738335
RO30,RO,30,Moșnița Veche,45.747366202090596,21.339674332171892
RO31,RO,31,Covăsânț,46.22303869565218,21.558758260869567
RO32,RO,32,Carașova,45.177683333333334,21.979166444444445
RO33,RO,33,Hunedoara,45.794941676942045,22.927029223181258
RO40,RO,40,Kluż-Napoka,46.772319406779665,23.63587966101695
RO41,RO,41,Felcheriu,46.98819966178129,22.08574396843292
RO42,RO,42,Bystrzyca,47.13672727272727,24.435477389277388
RO43,RO,43,Baia Sprie,47.63267932489451,23.63276181434599
RO44,RO,44,Satu Mare,47.74795976744186,22.878423255813953
RO45,RO,45,Zalău,47.202672750000005,23.11922625
RO50,RO,50,Codlea,45.710310913705584,25.438660659898478
RO51,RO,51,Ighiu,46.204733999999995,23.38862257142857
RO52,RO,52,Ghidfalău,45.89552150537635,25.89000107526882
RO53,RO,53,Căpâlnița,46.44490976331361,25.54323727810651
RO54,RO,54,Târgu Mureș,46.557857569296374,24.554687846481876
RO55,RO,55,Șura Mare,45.90983019538188,24.23972113676732
RO60,RO,60,Buchila,46.46367360959651,26.902409269356596
RO61,RO,61,Girov,46.95104146706586,26.548214520958087
RO62,RO,62,Odobești,45.76224817987152,27.06918329764454
RO70,RO,70,Miroslava,47.174974525474525,27.466473926073924
RO71,RO,71,Răchiți,47.81407795138889,26.732969965277775
RO72,RO,72,Ilișești,47.598989593495936,26.05466325203252
RO73,RO,73,Moreni,46.51463108108108,27.703855675675676
RO80,RO,80,Smârdan,45.55748890510949,27.95066379562044
RO81,RO,81,Lacu Sărat,45.22286130841122,27.880644672897194
RO82,RO,82,Frecăței,45.10802978723404,28.746506686930093
RO90,RO,90,Valu lui Traian,44.18268766233766,28.491260551948052
RO91,RO,91,Ciocănești,44.2846394265233,27.028949820788533
RO92,RO,92,Andrășești,44.61394020618557,27.140237628865982
